Model,Brand,Release_date,Max_resolution,Low_resolution,Effective_pixels,Zoom_wide,Zoom_tele,Normal_focus_range,Macro_focus_range,Storage_included,Weight_incbatteries,Dimensions,Price
Agfa ePhoto 1280,Agfa,1997,1024.0,640.0,0.0,38.0,114.0,70.0,40.0,4.0,420.0,95.0,179.0
Agfa ePhoto 1680,Agfa,1998,1280.0,640.0,1.0,38.0,114.0,50.0,0.0,4.0,420.0,158.0,179.0
Agfa ePhoto CL18,Agfa,2000,640.0,0.0,0.0,45.0,45.0,0.0,0.0,2.0,0.0,0.0,179.0
Agfa ePhoto CL30,Agfa,1999,1152.0,640.0,0.0,35.0,35.0,0.0,0.0,4.0,0.0,0.0,269.0
Agfa ePhoto CL30 Clik!,Agfa,1999,1152.0,640.0,0.0,43.0,43.0,50.0,0.0,40.0,300.0,128.0,1299.0
Agfa ePhoto CL45,Agfa,2001,1600.0,640.0,1.0,51.0,51.0,50.0,20.0,8.0,270.0,119.0,179.0
Agfa ePhoto CL50,Agfa,1999,1280.0,640.0,1.0,34.0,102.0,0.0,0.0,8.0,0.0,0.0,179.0
Canon PowerShot 350,Canon,1997,640.0,0.0,0.0,42.0,42.0,70.0,3.0,2.0,320.0,93.0,149.0
Canon PowerShot 600,Canon,1996,832.0,640.0,0.0,50.0,50.0,40.0,10.0,1.0,460.0,160.0,139.0
Canon PowerShot A10,Canon,2001,1280.0,1024.0,1.0,35.0,105.0,76.0,16.0,8.0,375.0,110.0,139.0
Canon PowerShot A100,Canon,2002,1280.0,1024.0,1.0,39.0,39.0,20.0,5.0,8.0,225.0,110.0,139.0
Canon PowerShot A20,Canon,2001,1600.0,1024.0,1.0,35.0,105.0,76.0,16.0,8.0,375.0,110.0,139.0
Canon PowerShot A200,Canon,2002,1600.0,1024.0,1.0,39.0,39.0,20.0,5.0,8.0,225.0,110.0,139.0
Canon PowerShot A30,Canon,2002,1280.0,1024.0,1.0,35.0,105.0,76.0,16.0,8.0,350.0,110.0,139.0
Canon PowerShot A300,Canon,2003,2048.0,1600.0,3.0,33.0,33.0,20.0,5.0,32.0,225.0,111.0,139.0
Canon PowerShot A310,Canon,2004,2048.0,1600.0,3.0,33.0,33.0,0.0,5.0,0.0,205.0,110.0,139.0
Canon PowerShot A40,Canon,2002,1600.0,1024.0,1.0,35.0,105.0,76.0,16.0,8.0,350.0,110.0,139.0
Canon PowerShot A400,Canon,2004,2048.0,1600.0,3.0,45.0,100.0,0.0,5.0,16.0,255.0,107.0,139.0
Canon PowerShot A410,Canon,2005,2048.0,1600.0,3.0,41.0,131.0,0.0,1.0,16.0,195.0,103.0,139.0
Canon PowerShot A420,Canon,2006,2272.0,1600.0,4.0,39.0,125.0,47.0,1.0,16.0,200.0,103.0,139.0
Canon PowerShot A430,Canon,2006,2272.0,1600.0,4.0,39.0,156.0,47.0,1.0,16.0,210.0,103.0,139.0
Canon PowerShot A450,Canon,2007,2592.0,2048.0,5.0,38.0,122.0,47.0,1.0,16.0,215.0,106.0,139.0
Canon PowerShot A460,Canon,2007,2592.0,2048.0,5.0,38.0,152.0,47.0,1.0,16.0,215.0,106.0,139.0
Canon PowerShot A5,Canon,1998,1024.0,512.0,0.0,35.0,35.0,50.0,9.0,8.0,240.0,105.0,149.0
Canon PowerShot A50,Canon,1999,1280.0,640.0,1.0,28.0,70.0,50.0,17.0,8.0,290.0,103.0,149.0
Canon PowerShot A510,Canon,2005,2048.0,1600.0,3.0,35.0,140.0,0.0,5.0,16.0,230.0,91.0,139.0
Canon PowerShot A520,Canon,2005,2272.0,1600.0,3.0,35.0,140.0,0.0,5.0,16.0,230.0,91.0,149.0
Canon PowerShot A530,Canon,2006,2592.0,2048.0,5.0,35.0,140.0,45.0,5.0,16.0,220.0,90.0,149.0
Canon PowerShot A540,Canon,2006,2816.0,2272.0,6.0,35.0,140.0,45.0,5.0,16.0,230.0,90.0,149.0
Canon PowerShot A550,Canon,2007,3072.0,2592.0,7.0,35.0,140.0,45.0,5.0,16.0,210.0,91.0,149.0
Canon PowerShot A560,Canon,2007,3072.0,2592.0,7.0,35.0,140.0,45.0,5.0,16.0,205.0,91.0,149.0
Canon PowerShot A570 IS,Canon,2007,3072.0,2592.0,7.0,35.0,140.0,45.0,5.0,16.0,215.0,90.0,149.0
Canon PowerShot A5 Zoom,Canon,1999,1024.0,512.0,0.0,28.0,70.0,50.0,17.0,8.0,290.0,103.0,149.0
Canon PowerShot A60,Canon,2003,1600.0,1024.0,1.0,35.0,105.0,46.0,5.0,16.0,315.0,101.0,139.0
Canon PowerShot A610,Canon,2005,2592.0,2592.0,5.0,35.0,140.0,0.0,1.0,16.0,285.0,105.0,139.0
Canon PowerShot A620,Canon,2005,3072.0,3072.0,7.0,35.0,140.0,0.0,1.0,32.0,285.0,105.0,139.0
Canon PowerShot A630,Canon,2006,3264.0,2592.0,8.0,35.0,140.0,0.0,1.0,16.0,315.0,109.0,139.0
Canon PowerShot A640,Canon,2006,3648.0,2816.0,10.0,35.0,140.0,0.0,1.0,32.0,315.0,109.0,139.0
Canon PowerShot A650 IS,Canon,2007,4000.0,3264.0,12.0,35.0,210.0,0.0,1.0,32.0,300.0,97.0,399.0
Canon PowerShot A70,Canon,2003,2048.0,1600.0,3.0,35.0,105.0,46.0,5.0,16.0,315.0,101.0,139.0
Canon PowerShot A700,Canon,2006,2816.0,2272.0,6.0,35.0,210.0,55.0,1.0,16.0,250.0,94.0,139.0
Canon PowerShot A710 IS,Canon,2006,3072.0,2592.0,7.0,35.0,210.0,55.0,1.0,16.0,210.0,98.0,139.0
Canon PowerShot A720 IS,Canon,2007,3264.0,2592.0,8.0,35.0,210.0,55.0,1.0,16.0,250.0,97.0,399.0
Canon PowerShot A75,Canon,2004,2048.0,1600.0,3.0,35.0,105.0,46.0,5.0,32.0,315.0,101.0,139.0
Canon PowerShot A80,Canon,2003,2272.0,1600.0,3.0,38.0,114.0,46.0,5.0,32.0,350.0,103.0,139.0
Canon PowerShot A85,Canon,2004,2272.0,1600.0,4.0,35.0,105.0,0.0,5.0,32.0,300.0,101.0,139.0
Canon PowerShot A95,Canon,2004,2592.0,2048.0,5.0,38.0,114.0,45.0,5.0,32.0,335.0,101.0,139.0
Canon EOS 10D,Canon,2003,3072.0,2048.0,6.0,0.0,0.0,0.0,0.0,0.0,875.0,150.0,1299.0
Canon EOS-1D,Canon,2001,2464.0,1232.0,4.0,0.0,0.0,0.0,0.0,0.0,1585.0,156.0,4499.0
Canon EOS-1D Mark II,Canon,2004,3504.0,3104.0,8.0,0.0,0.0,0.0,0.0,0.0,1565.0,156.0,4499.0
Canon EOS-1D Mark III,Canon,2007,3888.0,3456.0,10.0,0.0,0.0,0.0,0.0,0.0,1335.0,156.0,4499.0
Canon EOS-1D Mark II N,Canon,2005,3504.0,3104.0,8.0,0.0,0.0,0.0,0.0,0.0,1565.0,156.0,4499.0
Canon EOS-1Ds,Canon,2002,4064.0,2032.0,11.0,0.0,0.0,0.0,0.0,0.0,1585.0,156.0,7999.0
Canon EOS-1Ds Mark II,Canon,2004,4992.0,3600.0,16.0,0.0,0.0,0.0,0.0,0.0,1565.0,156.0,7999.0
Canon EOS-1Ds Mark III,Canon,2007,5616.0,4992.0,21.0,0.0,0.0,0.0,0.0,0.0,1385.0,150.0,7999.0
Canon EOS 20D,Canon,2004,3504.0,2544.0,8.0,0.0,0.0,0.0,0.0,0.0,770.0,144.0,1299.0
Canon EOS 20Da,Canon,2005,3504.0,2544.0,8.0,0.0,0.0,0.0,0.0,0.0,770.0,144.0,1299.0
Canon EOS 300D / Digital Rebel,Canon,2003,3072.0,2048.0,6.0,0.0,0.0,0.0,0.0,0.0,645.0,142.0,1299.0
Canon EOS 30D,Canon,2006,3504.0,2544.0,8.0,0.0,0.0,0.0,0.0,0.0,784.0,144.0,1299.0
Canon EOS 350D / Digital Rebel XT,Canon,2005,3456.0,2496.0,8.0,0.0,0.0,0.0,0.0,0.0,540.0,127.0,1299.0
Canon EOS 400D / Digital Rebel XTi,Canon,2006,3888.0,2816.0,10.0,0.0,0.0,0.0,0.0,0.0,556.0,127.0,1299.0
Canon EOS 40D,Canon,2007,3888.0,2816.0,10.0,0.0,0.0,0.0,0.0,0.0,822.0,146.0,1299.0
Canon EOS 5D,Canon,2005,4368.0,3168.0,12.0,0.0,0.0,0.0,0.0,0.0,895.0,152.0,2499.0
Canon EOS D30,Canon,2000,2160.0,1440.0,3.0,0.0,0.0,0.0,0.0,16.0,855.0,150.0,549.0
Canon EOS D60,Canon,2002,3072.0,2048.0,6.0,0.0,0.0,0.0,0.0,16.0,855.0,150.0,549.0
Canon PowerShot G1,Canon,2000,2048.0,1024.0,3.0,34.0,102.0,70.0,6.0,16.0,490.0,120.0,499.0
Canon PowerShot G2,Canon,2001,2272.0,1600.0,3.0,34.0,102.0,70.0,6.0,32.0,510.0,121.0,499.0
Canon PowerShot G3,Canon,2002,2272.0,1600.0,3.0,35.0,140.0,50.0,5.0,32.0,490.0,121.0,499.0
Canon PowerShot G5,Canon,2003,2592.0,1600.0,5.0,35.0,140.0,50.0,5.0,32.0,490.0,121.0,149.0
Canon PowerShot G6,Canon,2004,3072.0,2592.0,7.0,35.0,140.0,50.0,5.0,32.0,467.0,105.0,499.0
Canon PowerShot G7,Canon,2006,3648.0,2816.0,10.0,35.0,210.0,50.0,1.0,32.0,380.0,106.0,499.0
Canon PowerShot G9,Canon,2007,4000.0,3264.0,12.0,35.0,210.0,50.0,1.0,32.0,370.0,106.0,499.0
Canon PowerShot Pro1,Canon,2004,3264.0,2272.0,8.0,28.0,200.0,50.0,3.0,64.0,640.0,118.0,139.0
Canon PowerShot Pro70,Canon,1998,1536.0,768.0,1.0,28.0,70.0,32.0,12.0,8.0,800.0,148.0,199.0
Canon PowerShot Pro90 IS,Canon,2001,1856.0,1024.0,2.0,37.0,370.0,10.0,10.0,16.0,680.0,127.0,384.0
Canon PowerShot S10,Canon,1999,1600.0,1280.0,1.0,35.0,70.0,46.0,12.0,8.0,320.0,106.0,399.0
Canon PowerShot S100,Canon,2000,1600.0,640.0,1.0,35.0,70.0,57.0,10.0,8.0,250.0,87.0,199.0
Canon PowerShot S110,Canon,2001,1600.0,1024.0,1.0,35.0,70.0,57.0,10.0,8.0,250.0,87.0,199.0
Canon PowerShot S1 IS,Canon,2004,2048.0,1600.0,3.0,38.0,380.0,10.0,10.0,32.0,469.0,111.0,399.0
Canon PowerShot S20,Canon,2000,2048.0,1024.0,3.0,32.0,64.0,66.0,12.0,16.0,320.0,106.0,399.0
Canon PowerShot S200,Canon,2002,1600.0,1024.0,1.0,35.0,70.0,57.0,10.0,8.0,250.0,87.0,199.0
Canon PowerShot S230,Canon,2002,2048.0,1600.0,3.0,35.0,70.0,47.0,10.0,16.0,250.0,87.0,199.0
Canon PowerShot S2 IS,Canon,2005,2592.0,2048.0,5.0,36.0,432.0,50.0,10.0,16.0,505.0,113.0,399.0
Canon PowerShot S30,Canon,2001,2048.0,1600.0,3.0,35.0,105.0,80.0,10.0,16.0,323.0,112.0,399.0
Canon PowerShot S300,Canon,2001,1600.0,1024.0,1.0,35.0,105.0,76.0,16.0,8.0,270.0,95.0,199.0
Canon PowerShot S330,Canon,2002,1600.0,1024.0,1.0,35.0,105.0,76.0,16.0,8.0,274.0,95.0,199.0
Canon PowerShot S3 IS,Canon,2006,2816.0,2272.0,6.0,36.0,432.0,50.0,10.0,16.0,510.0,113.0,399.0
Canon PowerShot S40,Canon,2001,2272.0,1600.0,3.0,35.0,105.0,80.0,10.0,16.0,323.0,112.0,139.0
Canon PowerShot S400,Canon,2003,2272.0,1600.0,3.0,36.0,108.0,46.0,5.0,32.0,230.0,87.0,139.0
Canon PowerShot S410,Canon,2004,2272.0,1600.0,3.0,36.0,108.0,0.0,5.0,32.0,215.0,87.0,139.0
Canon PowerShot S45,Canon,2002,2272.0,1600.0,3.0,35.0,105.0,50.0,10.0,32.0,323.0,112.0,139.0
Canon PowerShot S50,Canon,2003,2592.0,1600.0,5.0,35.0,105.0,50.0,10.0,32.0,323.0,112.0,399.0
Canon PowerShot S500,Canon,2004,2592.0,2048.0,5.0,36.0,108.0,0.0,5.0,32.0,215.0,87.0,149.0
Canon PowerShot S5 IS,Canon,2007,3264.0,2272.0,8.0,36.0,432.0,50.0,10.0,32.0,550.0,117.0,399.0
Canon PowerShot S60,Canon,2004,2592.0,1600.0,5.0,28.0,100.0,50.0,4.0,32.0,300.0,114.0,399.0
Canon PowerShot S70,Canon,2004,3072.0,2592.0,7.0,28.0,100.0,50.0,4.0,32.0,300.0,114.0,399.0
Canon PowerShot S80,Canon,2005,3264.0,2592.0,8.0,28.0,100.0,50.0,4.0,32.0,290.0,104.0,399.0
Canon PowerShot SD10,Canon,2003,2272.0,1600.0,3.0,38.0,38.0,0.0,3.0,32.0,140.0,90.0,199.0
Canon PowerShot SD100,Canon,2003,2048.0,1600.0,3.0,35.0,70.0,47.0,10.0,16.0,185.0,85.0,199.0
Canon PowerShot SD1000,Canon,2007,3072.0,2592.0,7.0,35.0,105.0,0.0,5.0,32.0,175.0,86.0,199.0
Canon PowerShot SD110,Canon,2004,2048.0,1600.0,3.0,35.0,70.0,0.0,10.0,16.0,195.0,85.0,199.0
Canon PowerShot SD20,Canon,2004,2592.0,2048.0,5.0,39.0,39.0,0.0,3.0,32.0,140.0,90.0,199.0
Canon PowerShot SD200,Canon,2004,2048.0,1600.0,3.0,35.0,105.0,0.0,3.0,16.0,135.0,86.0,199.0
Canon PowerShot SD30,Canon,2005,2592.0,2048.0,5.0,38.0,90.0,0.0,10.0,16.0,120.0,96.0,199.0
Canon PowerShot SD300,Canon,2004,2272.0,1600.0,3.0,35.0,105.0,0.0,3.0,16.0,147.0,86.0,199.0
Canon PowerShot SD40,Canon,2006,3072.0,2592.0,7.0,38.0,90.0,0.0,10.0,16.0,120.0,96.0,199.0
Canon PowerShot SD400,Canon,2005,2592.0,2048.0,5.0,35.0,105.0,0.0,3.0,16.0,150.0,86.0,199.0
Canon PowerShot SD430 Wireless,Canon,2005,2592.0,2048.0,5.0,35.0,105.0,0.0,3.0,16.0,185.0,99.0,199.0
Canon PowerShot SD450,Canon,2005,2592.0,2048.0,5.0,35.0,105.0,0.0,3.0,16.0,155.0,86.0,199.0
Canon PowerShot SD500,Canon,2005,3072.0,2592.0,7.0,37.0,111.0,0.0,5.0,32.0,200.0,90.0,199.0
Canon PowerShot SD550,Canon,2005,3072.0,2592.0,7.0,37.0,111.0,0.0,5.0,32.0,185.0,90.0,199.0
Canon PowerShot SD600,Canon,2006,2816.0,2272.0,6.0,35.0,105.0,30.0,3.0,16.0,170.0,86.0,199.0
Canon PowerShot SD630,Canon,2006,2816.0,2272.0,6.0,35.0,105.0,30.0,3.0,16.0,175.0,90.0,199.0
Canon PowerShot SD700 IS,Canon,2006,2816.0,2272.0,6.0,35.0,140.0,45.0,2.0,16.0,195.0,90.0,384.0
Canon PowerShot SD750,Canon,2007,3072.0,2592.0,7.0,35.0,105.0,0.0,5.0,32.0,170.0,92.0,384.0
Canon PowerShot SD800 IS,Canon,2006,3072.0,2592.0,7.0,28.0,105.0,0.0,3.0,16.0,195.0,90.0,384.0
Canon PowerShot SD850 IS,Canon,2007,3264.0,2272.0,8.0,35.0,140.0,45.0,2.0,32.0,195.0,90.0,384.0
Canon PowerShot SD870 IS,Canon,2007,3264.0,2592.0,8.0,28.0,105.0,45.0,2.0,32.0,165.0,93.0,384.0
Canon PowerShot SD900,Canon,2006,3648.0,2816.0,10.0,37.0,111.0,0.0,5.0,32.0,205.0,91.0,199.0
Canon PowerShot SD950 IS,Canon,2007,4000.0,3264.0,12.0,36.0,133.0,50.0,5.0,32.0,205.0,96.0,384.0
Canon PowerShot SX100 IS,Canon,2007,3264.0,2592.0,8.0,36.0,360.0,50.0,1.0,32.0,316.0,109.0,299.0
Canon PowerShot TX1,Canon,2007,3072.0,2592.0,7.0,39.0,390.0,50.0,10.0,0.0,260.0,89.0,139.0
Casio Exilim EX-P505,Casio,2005,2560.0,2048.0,4.0,38.0,190.0,40.0,1.0,7.0,275.0,99.0,249.0
Casio Exilim EX-P600,Casio,2004,2816.0,2048.0,5.0,33.0,132.0,40.0,10.0,9.0,275.0,98.0,249.0
Casio Exilim EX-P700,Casio,2004,3072.0,2304.0,7.0,33.0,132.0,40.0,10.0,9.0,275.0,98.0,249.0
Casio Exilim EX-S100,Casio,2004,2048.0,1600.0,3.0,36.0,102.0,40.0,17.0,9.0,123.0,88.0,249.0
Casio Exilim EX-S20,Casio,2003,1600.0,1280.0,1.0,35.0,35.0,80.0,30.0,10.0,100.0,83.0,249.0
Casio Exilim EX-S3,Casio,2003,2048.0,1600.0,3.0,35.0,35.0,80.0,80.0,10.0,110.0,90.0,249.0
Casio Exilim EX-S500,Casio,2005,2560.0,2304.0,4.0,38.0,114.0,40.0,17.0,8.0,125.0,90.0,249.0
Casio Exilim EX-S600,Casio,2005,2816.0,2304.0,6.0,38.0,114.0,40.0,15.0,8.0,155.0,90.0,249.0
Casio Exilim EX-S600d,Casio,2006,2816.0,2304.0,6.0,38.0,114.0,40.0,15.0,8.0,155.0,90.0,249.0
Casio Exilim EX-S880,Casio,2007,3264.0,2816.0,8.0,38.0,114.0,50.0,15.0,10.0,138.0,94.5,249.0
Casio Exilim EX-V7,Casio,2007,3072.0,2560.0,7.0,38.0,266.0,30.0,10.0,11.0,190.0,96.0,299.0
Casio Exilim EX-V8,Casio,2007,3264.0,2816.0,8.0,38.0,266.0,40.0,10.0,11.0,199.0,96.0,299.0
Casio Exilim EX-Z10,Casio,2005,2560.0,2304.0,5.0,35.0,114.0,40.0,6.0,8.0,154.0,90.0,329.0
Casio Exilim EX-Z1000,Casio,2006,3648.0,2560.0,10.0,38.0,114.0,40.0,6.0,8.0,185.0,92.0,329.0
Casio Exilim EX-Z1050,Casio,2007,3648.0,2560.0,10.0,38.0,114.0,40.0,10.0,15.0,165.0,91.0,329.0
Casio Exilim EX-Z1080,Casio,2007,3648.0,2560.0,10.0,38.0,114.0,40.0,10.0,11.0,165.0,91.0,329.0
Casio Exilim EX-Z110,Casio,2005,2816.0,2304.0,6.0,35.0,114.0,40.0,6.0,8.0,151.0,90.0,329.0
Casio Exilim EX-Z120,Casio,2005,3072.0,2560.0,7.0,38.0,114.0,50.0,10.0,8.0,154.0,90.0,329.0
Casio Exilim EX-Z1200 SR,Casio,2007,4000.0,3264.0,12.0,37.0,111.0,40.0,6.0,11.0,162.0,93.0,329.0
Casio Exilim EX-Z3,Casio,2003,2048.0,1600.0,3.0,35.0,105.0,40.0,6.0,16.0,170.0,87.0,329.0
Casio Exilim EX-Z30,Casio,2004,2048.0,1600.0,3.0,35.0,105.0,40.0,6.0,9.0,150.0,87.0,329.0
Casio Exilim EX-Z4,Casio,2003,2304.0,1600.0,4.0,35.0,105.0,40.0,6.0,16.0,170.0,87.0,329.0
Casio Exilim EX-Z40,Casio,2004,2304.0,1600.0,4.0,35.0,105.0,40.0,6.0,9.0,150.0,87.0,329.0
Casio Exilim EX-Z5,Casio,2006,2560.0,2304.0,4.0,38.0,114.0,40.0,10.0,8.0,160.0,95.0,329.0
Casio Exilim EX-Z50,Casio,2004,2560.0,2048.0,5.0,35.0,105.0,50.0,6.0,9.0,171.0,87.0,329.0
Casio Exilim EX-Z500,Casio,2005,2560.0,2304.0,5.0,38.0,114.0,40.0,17.0,8.0,127.0,89.0,329.0
Casio Exilim EX-Z55,Casio,2004,2560.0,2048.0,5.0,35.0,105.0,50.0,6.0,9.0,180.0,87.0,329.0
Casio Exilim EX-Z57,Casio,2005,2560.0,2048.0,4.0,35.0,105.0,40.0,6.0,9.0,175.0,89.0,199.0
Casio Exilim EX-Z60,Casio,2006,2816.0,2304.0,6.0,38.0,114.0,40.0,10.0,8.0,148.0,95.0,329.0
Casio Exilim EX-Z70,Casio,2006,3072.0,2560.0,7.0,38.0,114.0,40.0,10.0,8.0,140.0,95.0,199.0
Casio Exilim EX-Z700,Casio,2006,3072.0,2560.0,7.0,38.0,114.0,40.0,15.0,8.0,154.0,89.0,329.0
Casio Exilim EX-Z75,Casio,2007,3072.0,2560.0,7.0,38.0,114.0,40.0,10.0,8.0,156.0,95.0,199.0
Casio Exilim EX-Z750,Casio,2005,3072.0,2304.0,7.0,38.0,114.0,40.0,10.0,9.0,165.0,89.0,329.0
Casio Exilim EX-Z77,Casio,2007,3072.0,2560.0,7.0,38.0,114.0,40.0,10.0,11.0,128.0,95.0,199.0
Casio Exilim EX-S770,Casio,2006,3072.0,2560.0,7.0,38.0,114.0,40.0,15.0,6.0,176.0,95.0,249.0
Casio Exilim EX-Z850,Casio,2006,3264.0,2816.0,8.0,38.0,114.0,40.0,10.0,8.0,185.0,89.0,249.0
Casio GV-10,Casio,2001,1280.0,640.0,1.0,35.0,35.0,60.0,10.0,8.0,320.0,101.0,249.0
Casio GV-20,Casio,2002,1600.0,800.0,1.0,35.0,35.0,60.0,10.0,8.0,320.0,101.0,249.0
Casio QV-2000UX,Casio,1999,1600.0,800.0,1.0,36.0,108.0,50.0,20.0,8.0,320.0,130.0,249.0
Casio QV-2100,Casio,2001,1600.0,800.0,1.0,41.0,41.0,80.0,20.0,16.0,260.0,108.0,249.0
Casio QV-2300UX,Casio,2000,1600.0,800.0,1.0,41.0,123.0,10.0,1.0,8.0,245.0,67.0,249.0
Casio QV-2400UX,Casio,2001,1600.0,800.0,1.0,41.0,123.0,10.0,1.0,8.0,245.0,67.0,249.0
Casio QV-2800UX,Casio,2000,1600.0,800.0,1.0,40.0,320.0,40.0,1.0,8.0,295.0,81.0,249.0
Casio QV-2900UX,Casio,2001,1600.0,800.0,1.0,40.0,320.0,40.0,1.0,8.0,295.0,81.0,249.0
Casio QV-3EX,Casio,2000,2048.0,1024.0,3.0,41.0,41.0,50.0,10.0,16.0,245.0,115.0,249.0
Casio QV-300,Casio,1996,640.0,320.0,0.0,47.0,106.0,60.0,9.0,4.0,290.0,162.0,249.0
Casio QV-3000EX,Casio,2000,2048.0,1024.0,3.0,33.0,100.0,30.0,6.0,16.0,360.0,134.0,249.0
Casio QV-3500EX,Casio,2001,2048.0,1024.0,3.0,33.0,100.0,30.0,6.0,16.0,360.0,134.0,249.0
Casio QV-4000,Casio,2001,2240.0,1600.0,3.0,34.0,102.0,30.0,6.0,16.0,420.0,118.0,249.0
Casio QV-5000SX,Casio,1998,1280.0,640.0,1.0,35.0,35.0,30.0,10.0,8.0,320.0,147.0,249.0
Casio QV-5500SX,Casio,1999,1280.0,640.0,1.0,36.0,36.0,30.0,10.0,8.0,320.0,131.0,249.0
Casio QV-5700,Casio,2002,2560.0,1600.0,4.0,34.0,102.0,30.0,6.0,16.0,420.0,118.0,249.0
Casio QV-700,Casio,1997,640.0,0.0,0.0,38.0,38.0,70.0,14.0,4.0,290.0,147.0,249.0
Casio QV-7000SX,Casio,1998,1280.0,640.0,1.0,32.0,64.0,23.0,10.0,8.0,320.0,141.0,249.0
Casio QV-770,Casio,1998,640.0,0.0,0.0,38.0,38.0,70.0,14.0,4.0,300.0,129.0,249.0
Casio QV-8000SX,Casio,1999,1280.0,640.0,1.0,40.0,320.0,40.0,1.0,8.0,320.0,141.0,249.0
Casio QV-R3,Casio,2002,2048.0,1600.0,3.0,38.0,113.0,40.0,14.0,11.0,240.0,90.0,249.0
Casio QV-R4,Casio,2002,2304.0,2240.0,4.0,38.0,113.0,40.0,14.0,11.0,240.0,90.0,249.0
Casio QV-R40,Casio,2003,2304.0,2240.0,4.0,39.0,117.0,60.0,10.0,11.0,210.0,88.0,249.0
Casio QV-R41,Casio,2004,2304.0,2240.0,3.0,39.0,117.0,60.0,10.0,9.0,198.0,88.0,249.0
Casio QV-R51,Casio,2004,2560.0,2048.0,4.0,39.0,117.0,60.0,10.0,9.0,210.0,88.0,249.0
Casio QV-R61,Casio,2004,2816.0,2048.0,6.0,39.0,117.0,70.0,10.0,9.0,218.0,88.0,249.0
Casio QV-R62,Casio,2004,2816.0,2048.0,6.0,39.0,117.0,70.0,10.0,9.0,218.0,88.0,249.0
Contax N Digital,Contax,2000,3040.0,0.0,6.0,0.0,0.0,0.0,0.0,0.0,0.0,152.0,549.0
Contax TVS Digital,Contax,2002,2560.0,1600.0,4.0,35.0,105.0,60.0,15.0,0.0,260.0,112.0,549.0
Epson PhotoPC 800,Epson,1999,1600.0,640.0,1.0,38.0,38.0,50.0,15.0,8.0,280.0,113.0,229.0
Epson PhotoPC 850 Zoom,Epson,1999,1600.0,640.0,1.0,35.0,105.0,0.0,0.0,0.0,0.0,0.0,229.0
Epson PhotoPC L-500V,Epson,2004,2560.0,1600.0,4.0,34.0,102.0,50.0,5.0,16.0,200.0,92.0,159.0
Epson PhotoPC 3000 Zoom,Epson,2000,2048.0,640.0,3.0,34.0,102.0,50.0,5.0,16.0,360.0,107.0,399.0
Epson PhotoPC 3100 Zoom,Epson,2001,2048.0,1600.0,3.0,34.0,102.0,50.0,5.0,16.0,360.0,107.0,399.0
Epson PhotoPC 500,Epson,1997,640.0,320.0,0.0,43.0,43.0,60.0,20.0,2.0,320.0,142.0,229.0
Epson PhotoPC 550,Epson,1997,640.0,320.0,0.0,43.0,43.0,60.0,10.0,1.0,170.0,107.0,229.0
Epson PhotoPC 600,Epson,1997,1024.0,640.0,0.0,36.0,36.0,50.0,20.0,4.0,270.0,143.0,229.0
Epson PhotoPC 650,Epson,1999,1152.0,640.0,0.0,39.0,39.0,60.0,15.0,8.0,400.0,135.0,229.0
Epson PhotoPC 700,Epson,1998,1280.0,640.0,1.0,35.0,35.0,50.0,10.0,4.0,0.0,0.0,229.0
Epson PhotoPC 750 Zoom,Epson,1998,1280.0,640.0,1.0,34.0,102.0,80.0,20.0,8.0,0.0,0.0,229.0
Epson PhotoPC L-300,Epson,2003,2048.0,1600.0,3.0,34.0,102.0,50.0,11.0,16.0,285.0,105.0,399.0
Epson PhotoPC L-400,Epson,2003,2304.0,1600.0,4.0,34.0,102.0,50.0,11.0,16.0,285.0,105.0,129.0
Epson PhotoPC L-410,Epson,2004,2304.0,1600.0,4.0,34.0,102.0,50.0,11.0,16.0,203.0,92.0,129.0
Epson R-D1,Epson,2004,3008.0,2240.0,6.0,0.0,0.0,0.0,0.0,0.0,620.0,142.0,4499.0
Fujifilm FinePix 40i,Fujifilm,2000,2400.0,1280.0,2.0,36.0,36.0,50.0,6.0,64.0,200.0,85.5,169.0
Fujifilm FinePix 50i,Fujifilm,2001,2400.0,1600.0,2.0,36.0,36.0,50.0,6.0,64.0,200.0,85.5,169.0
Fujifilm DS-260HD,Fujifilm,1999,1280.0,640.0,1.0,35.0,105.0,90.0,25.0,4.0,700.0,100.0,169.0
Fujifilm DS-300,Fujifilm,1997,1280.0,640.0,1.0,35.0,105.0,20.0,20.0,0.0,700.0,153.0,169.0
Fujifilm FinePix 1300,Fujifilm,2000,1280.0,640.0,1.0,38.0,38.0,80.0,8.0,8.0,240.0,110.0,169.0
Fujifilm FinePix 2300,Fujifilm,2001,1600.0,1280.0,1.0,36.0,36.0,80.0,8.0,8.0,240.0,110.0,169.0
Fujifilm FinePix 2400 Zoom,Fujifilm,2000,1600.0,1280.0,1.0,38.0,114.0,80.0,10.0,8.0,290.0,125.0,169.0
Fujifilm FinePix 2600 Zoom,Fujifilm,2001,1600.0,1280.0,1.0,38.0,114.0,80.0,10.0,16.0,260.0,99.0,169.0
Fujifilm FinePix 2650,Fujifilm,2002,1600.0,1280.0,1.0,38.0,114.0,80.0,8.0,16.0,235.0,100.0,169.0
Fujifilm FinePix 2800 Zoom,Fujifilm,2001,1600.0,1280.0,1.0,38.0,228.0,80.0,10.0,16.0,360.0,95.0,169.0
Fujifilm Finepix 30i,Fujifilm,2001,1600.0,1280.0,1.0,38.0,38.0,60.0,8.0,16.0,200.0,85.0,199.0
Fujifilm FinePix 3800,Fujifilm,2002,2048.0,1600.0,3.0,38.0,228.0,80.0,10.0,16.0,400.0,100.0,399.0
Fujifilm FinePix 4800 Zoom,Fujifilm,2001,2400.0,1600.0,2.0,36.0,108.0,60.0,20.0,16.0,280.0,80.0,169.0
Fujifilm FinePix 4900 Zoom,Fujifilm,2000,2400.0,1600.0,2.0,35.0,210.0,50.0,10.0,16.0,450.0,110.0,169.0
Fujifilm FinePix 6800 Zoom,Fujifilm,2001,2832.0,2048.0,3.0,36.0,108.0,60.0,20.0,16.0,280.0,80.0,169.0
Fujifilm FinePix 6900 Zoom,Fujifilm,2001,2832.0,2048.0,3.0,35.0,210.0,50.0,10.0,16.0,450.0,110.0,169.0
Fujifilm FinePix A101,Fujifilm,2001,1280.0,640.0,1.0,36.0,36.0,80.0,8.0,8.0,190.0,99.0,169.0
Fujifilm FinePix A120,Fujifilm,2004,2016.0,1600.0,3.0,38.0,38.0,80.0,9.0,16.0,170.0,102.0,169.0
Fujifilm FinePix A200,Fujifilm,2002,1600.0,1280.0,1.0,36.0,36.0,80.0,8.0,16.0,180.0,99.0,169.0
Fujifilm FinePix A201,Fujifilm,2001,1600.0,1280.0,1.0,36.0,36.0,80.0,8.0,16.0,190.0,99.0,169.0
Fujifilm FinePix A203,Fujifilm,2002,1600.0,1280.0,1.0,38.0,114.0,60.0,10.0,16.0,180.0,97.0,169.0
Fujifilm FinePix A205 Zoom,Fujifilm,2003,1600.0,1280.0,1.0,36.0,108.0,80.0,10.0,16.0,225.0,99.0,169.0
Fujifilm FinePix A210 Zoom,Fujifilm,2003,2048.0,1600.0,3.0,36.0,108.0,80.0,10.0,16.0,225.0,99.0,169.0
Fujifilm FinePix A303,Fujifilm,2002,2048.0,1600.0,3.0,38.0,114.0,60.0,10.0,16.0,180.0,97.0,169.0
Fujifilm FinePix A310 Zoom,Fujifilm,2003,2816.0,2048.0,3.0,38.0,114.0,60.0,10.0,16.0,190.0,97.0,169.0
Fujifilm FinePix A330,Fujifilm,2004,2016.0,1600.0,3.0,38.0,114.0,60.0,10.0,16.0,160.0,104.0,169.0
Fujifilm FinePix A340,Fujifilm,2004,2272.0,1600.0,4.0,38.0,114.0,60.0,10.0,16.0,160.0,104.0,169.0
Fujifilm FinePix A345 Zoom,Fujifilm,2005,2304.0,2048.0,4.0,35.0,105.0,60.0,6.0,16.0,192.0,90.0,169.0
Fujifilm FinePix A350 Zoom,Fujifilm,2005,2592.0,2048.0,5.0,35.0,105.0,60.0,6.0,16.0,192.0,90.0,169.0
Fujifilm FinePix A400 Zoom,Fujifilm,2006,2303.0,1600.0,4.0,38.0,114.0,60.0,10.0,12.0,170.0,93.0,169.0
Fujifilm FinePix A500 Zoom,Fujifilm,2006,2592.0,2048.0,5.0,38.0,114.0,60.0,10.0,12.0,170.0,93.0,169.0
Fujifilm FinePix A600 Zoom,Fujifilm,2006,2848.0,2048.0,6.0,36.0,108.0,50.0,10.0,12.0,195.0,93.0,169.0
Fujifilm FinePix A610,Fujifilm,2007,2848.0,2048.0,6.0,39.0,117.0,60.0,10.0,10.0,195.0,98.0,169.0
Fujifilm FinePix A800,Fujifilm,2007,3296.0,2304.0,8.0,36.0,108.0,50.0,10.0,10.0,200.0,98.0,169.0
Fujifilm FinePix A820,Fujifilm,2007,3296.0,2304.0,8.0,39.0,156.0,60.0,10.0,10.0,205.0,98.0,169.0
Fujifilm FinePix A900,Fujifilm,2007,3488.0,2048.0,9.0,39.0,156.0,60.0,10.0,10.0,205.0,98.0,169.0
Fujifilm FinePix A920,Fujifilm,2007,3488.0,2592.0,9.0,39.0,156.0,60.0,10.0,10.0,206.0,98.0,169.0
Fujifilm FinePix E500 Zoom,Fujifilm,2004,2304.0,1600.0,4.0,28.0,91.0,60.0,6.0,16.0,226.0,101.0,169.0
Fujifilm FinePix E510 Zoom,Fujifilm,2004,2592.0,2048.0,5.0,28.0,91.0,60.0,2.0,16.0,226.0,101.0,169.0
Fujifilm FinePix E550 Zoom,Fujifilm,2004,4048.0,2048.0,6.0,32.0,130.0,60.0,7.0,16.0,260.0,105.0,169.0
Fujifilm FinePix E900 Zoom,Fujifilm,2005,3488.0,2592.0,9.0,32.0,128.0,60.0,7.0,16.0,260.0,102.0,169.0
Fujifilm FinePix F10 Zoom,Fujifilm,2005,2848.0,2048.0,6.0,36.0,108.0,60.0,8.0,16.0,190.0,92.0,179.0
Fujifilm FinePix F11 Zoom,Fujifilm,2005,2848.0,2048.0,6.0,36.0,108.0,60.0,5.0,16.0,190.0,92.0,199.0
Fujifilm FinePix F20 Zoom,Fujifilm,2006,2848.0,2048.0,6.0,36.0,108.0,60.0,5.0,10.0,190.0,94.0,169.0
Fujifilm FinePix F30 Zoom,Fujifilm,2006,2848.0,2048.0,6.0,36.0,108.0,60.0,5.0,10.0,185.0,93.0,169.0
Fujifilm FinePix F31 fd,Fujifilm,2006,2848.0,2048.0,6.0,36.0,108.0,60.0,5.0,26.0,185.0,93.0,199.0
Fujifilm FinePix F401 Zoom,Fujifilm,2002,2304.0,1600.0,2.0,38.0,114.0,60.0,10.0,16.0,200.0,85.0,169.0
Fujifilm FinePix F402,Fujifilm,2002,2304.0,1600.0,2.0,39.0,39.0,50.0,6.0,16.0,145.0,77.0,199.0
Fujifilm FinePix F40 fd,Fujifilm,2007,3296.0,2304.0,8.0,36.0,108.0,45.0,7.0,25.0,181.0,96.0,199.0
Fujifilm FinePix F410 Zoom,Fujifilm,2003,2816.0,2048.0,3.0,38.0,114.0,60.0,10.0,16.0,205.0,85.0,169.0
Fujifilm FinePix F420 Zoom,Fujifilm,2003,2816.0,2048.0,3.0,36.0,108.0,60.0,8.0,16.0,180.0,77.0,169.0
Fujifilm FinePix F440 Zoom,Fujifilm,2004,2304.0,1600.0,3.0,38.0,130.0,60.0,9.0,16.0,180.0,75.0,169.0
Fujifilm FinePix F450 Zoom,Fujifilm,2004,2592.0,2048.0,5.0,38.0,130.0,60.0,9.0,16.0,180.0,75.0,199.0
Fujifilm FinePix F455 Zoom,Fujifilm,2004,2592.0,2048.0,5.0,38.0,130.0,60.0,9.0,16.0,180.0,93.0,199.0
Fujifilm FinePix F470 Zoom,Fujifilm,2006,2816.0,2048.0,6.0,35.0,105.0,70.0,10.0,16.0,150.0,92.0,169.0
Fujifilm FinePix F480 Zoom,Fujifilm,2007,3264.0,2304.0,8.0,28.0,112.0,40.0,5.0,12.0,170.0,96.0,169.0
Fujifilm FinePix F50 fd,Fujifilm,2007,4000.0,2848.0,12.0,35.0,105.0,45.0,7.0,25.0,205.0,93.0,199.0
Fujifilm FinePix F601Z,Fujifilm,2002,2832.0,2048.0,3.0,36.0,108.0,60.0,20.0,16.0,280.0,72.0,169.0
Fujifilm FinePix F610,Fujifilm,2003,4048.0,2848.0,6.0,35.0,105.0,60.0,9.0,16.0,205.0,72.0,169.0
Fujifilm FinePix F650 Zoom,Fujifilm,2006,2816.0,2048.0,6.0,36.0,180.0,60.0,3.0,32.0,200.0,105.0,169.0
Fujifilm FinePix F700,Fujifilm,2003,2832.0,2048.0,3.0,35.0,105.0,60.0,9.0,16.0,205.0,108.0,169.0
Fujifilm FinePix F710,Fujifilm,2004,2832.0,2048.0,3.0,32.0,130.0,60.0,8.0,16.0,225.0,110.0,169.0
Fujifilm FinePix F810 Zoom,Fujifilm,2004,4048.0,2848.0,6.0,32.0,130.0,60.0,7.0,16.0,250.0,110.0,169.0
Fujifilm FinePix IS-1,Fujifilm,2007,3488.0,2592.0,9.0,28.0,300.0,0.0,0.0,0.0,750.0,128.0,169.0
Fujifilm FinePix M603,Fujifilm,2002,2832.0,2048.0,3.0,38.0,76.0,60.0,20.0,16.0,280.0,65.0,169.0
Fujifilm FinePix S20 Pro,Fujifilm,2004,2832.0,2016.0,6.0,35.0,210.0,50.0,1.0,16.0,597.0,121.0,1699.0
Fujifilm FinePix S3000 Z,Fujifilm,2003,2048.0,1600.0,3.0,38.0,228.0,80.0,10.0,16.0,400.0,100.0,229.0
Fujifilm FinePix S3500 Zoom,Fujifilm,2004,2272.0,1600.0,4.0,39.0,234.0,80.0,10.0,16.0,385.0,100.0,229.0
Fujifilm FinePix S5000 Z,Fujifilm,2003,2816.0,2048.0,3.0,37.0,370.0,90.0,10.0,16.0,430.0,113.0,229.0
Fujifilm FinePix S5100 Zoom,Fujifilm,2004,2272.0,1600.0,4.0,37.0,370.0,90.0,10.0,16.0,387.0,113.0,229.0
Fujifilm FinePix S5200 Zoom,Fujifilm,2005,2592.0,2048.0,5.0,38.0,380.0,90.0,1.0,16.0,470.0,114.0,229.0
Fujifilm FinePix S5700 Zoom,Fujifilm,2007,3072.0,2304.0,7.0,38.0,380.0,30.0,10.0,27.0,406.0,106.0,229.0
Fujifilm FinePix S6000 fd,Fujifilm,2006,2848.0,2048.0,6.0,28.0,300.0,40.0,10.0,10.0,700.0,131.0,399.0
Fujifilm FinePix S602Z,Fujifilm,2002,2832.0,2048.0,3.0,35.0,210.0,50.0,1.0,16.0,590.0,121.0,399.0
Fujifilm FinePix S602Z Pro,Fujifilm,2002,2832.0,2048.0,3.0,35.0,210.0,50.0,1.0,340.0,590.0,121.0,1699.0
Fujifilm FinePix S7000 Z,Fujifilm,2003,4048.0,2848.0,6.0,35.0,210.0,50.0,1.0,16.0,590.0,121.0,229.0
Fujifilm FinePix S8000 fd,Fujifilm,2007,3264.0,2304.0,8.0,27.0,486.0,70.0,10.0,58.0,510.0,111.0,399.0
Fujifilm FinePix S9000 Z,Fujifilm,2005,3488.0,2592.0,9.0,28.0,300.0,50.0,1.0,16.0,745.0,128.0,229.0
Fujifilm FinePix S9100,Fujifilm,2006,3488.0,2592.0,9.0,28.0,300.0,0.0,0.0,0.0,750.0,128.0,229.0
Fujifilm FinePix V10 Zoom,Fujifilm,2006,2592.0,2048.0,5.0,36.0,130.0,60.0,9.0,16.0,185.0,83.0,179.0
Fujifilm FinePix Z1,Fujifilm,2005,2592.0,2048.0,5.0,36.0,108.0,60.0,8.0,16.0,170.0,90.0,179.0
Fujifilm FinePix Z10  fd,Fujifilm,2007,3072.0,2304.0,7.0,38.0,114.0,60.0,8.0,54.0,160.0,91.0,399.0
Fujifilm FinePix Z2,Fujifilm,2005,2592.0,2048.0,5.0,36.0,108.0,60.0,8.0,16.0,170.0,90.0,179.0
Fujifilm FinePix Z3,Fujifilm,2006,2592.0,2048.0,5.0,36.0,108.0,60.0,8.0,10.0,170.0,89.0,179.0
Fujifilm FinePix IS Pro,Fujifilm,2007,4256.0,3024.0,6.0,0.0,0.0,0.0,0.0,0.0,920.0,147.0,1699.0
Fujifilm MX-1200,Fujifilm,1999,1280.0,640.0,1.0,38.0,38.0,70.0,10.0,4.0,240.0,110.0,169.0
Fujifilm MX-1400,Fujifilm,2000,1280.0,640.0,1.0,38.0,114.0,80.0,10.0,4.0,390.0,74.0,169.0
Fujifilm MX-1500,Fujifilm,1999,1280.0,640.0,1.0,38.0,38.0,50.0,10.0,4.0,250.0,104.0,169.0
Fujifilm MX-1700,Fujifilm,1999,1280.0,640.0,1.0,38.0,114.0,80.0,20.0,8.0,270.0,79.0,169.0
Fujifilm MX-2700,Fujifilm,1999,1800.0,1280.0,2.0,35.0,35.0,50.0,9.0,4.0,260.0,80.0,169.0
Fujifilm MX-2900 Zoom,Fujifilm,1999,1800.0,1280.0,2.0,35.0,105.0,90.0,25.0,8.0,385.0,130.0,179.0
Fujifilm FinePix 4700 Zoom,Fujifilm,2000,2400.0,1280.0,2.0,36.0,108.0,80.0,20.0,16.0,280.0,78.0,169.0
Fujifilm MX-500,Fujifilm,1998,1280.0,640.0,1.0,35.0,35.0,50.0,9.0,2.0,220.0,123.0,169.0
Fujifilm MX-600 Zoom,Fujifilm,1999,1280.0,640.0,1.0,38.0,115.0,90.0,25.0,4.0,0.0,122.0,179.0
Fujifilm MX-700,Fujifilm,1998,1280.0,640.0,1.0,35.0,35.0,50.0,9.0,2.0,260.0,80.0,169.0
Fujifilm FinePix S1 Pro,Fujifilm,2000,3040.0,2340.0,3.0,0.0,0.0,0.0,0.0,16.0,820.0,148.0,1699.0
Fujifilm FinePix S2 Pro,Fujifilm,2002,4256.0,3024.0,6.0,0.0,0.0,0.0,0.0,0.0,850.0,142.0,1699.0
Fujifilm FinePix S3 Pro,Fujifilm,2004,4256.0,3024.0,6.0,0.0,0.0,0.0,0.0,0.0,930.0,148.0,1699.0
Fujifilm FinePix S5 Pro,Fujifilm,2006,4256.0,3024.0,6.0,0.0,0.0,0.0,0.0,0.0,920.0,147.0,1699.0
HP Photosmart 320,HP,2002,1632.0,640.0,2.0,38.0,38.0,75.0,0.0,8.0,240.0,113.0,179.0
HP Photosmart 435,HP,2003,2048.0,640.0,3.0,36.0,36.0,85.0,85.0,16.0,190.0,117.0,179.0
HP Photosmart 620,HP,2002,1632.0,640.0,2.0,36.0,102.0,20.0,20.0,8.0,280.0,120.0,179.0
HP Photosmart 635,HP,2003,1636.0,640.0,2.0,38.0,114.0,80.0,10.0,16.0,240.0,240.0,179.0
HP Photosmart 715,HP,2001,2048.0,640.0,3.0,34.0,102.0,60.0,20.0,16.0,320.0,127.0,179.0
HP Photosmart 720,HP,2002,2048.0,640.0,3.0,34.0,102.0,20.0,20.0,16.0,340.0,118.0,179.0
HP Photosmart 735,HP,2003,2080.0,0.0,3.0,38.0,114.0,0.0,0.0,16.0,290.0,105.0,179.0
HP Photosmart 812,HP,2002,2272.0,1136.0,3.0,37.0,111.0,50.0,14.0,0.0,245.0,95.0,179.0
HP Photosmart 850,HP,2002,2272.0,1136.0,3.0,37.0,300.0,50.0,10.0,0.0,489.0,114.0,179.0
HP Photosmart 935,HP,2003,2608.0,1296.0,5.0,37.0,111.0,50.0,14.0,32.0,260.0,97.0,179.0
HP Photosmart 945,HP,2003,2608.0,1296.0,5.0,37.0,300.0,50.0,10.0,32.0,500.0,123.0,179.0
HP Photosmart C20,HP,1998,1152.0,576.0,1.0,39.0,39.0,60.0,20.0,4.0,300.0,127.0,179.0
HP Photosmart C200,HP,1999,1152.0,640.0,1.0,35.0,35.0,60.0,20.0,8.0,300.0,126.0,179.0
HP Photosmart C215,HP,2000,1280.0,640.0,1.0,43.0,43.0,60.0,10.0,4.0,290.0,124.0,179.0
HP Photosmart C30,HP,1998,1152.0,576.0,1.0,35.0,35.0,60.0,20.0,4.0,300.0,126.0,179.0
HP Photosmart C315,HP,2000,1600.0,640.0,1.0,38.0,38.0,30.0,30.0,8.0,280.0,128.0,179.0
HP Photosmart C500,HP,1999,1600.0,640.0,1.0,38.0,115.0,0.0,0.0,16.0,410.0,153.0,179.0
HP Photosmart C618,HP,2000,1600.0,800.0,1.0,34.0,108.0,50.0,10.0,16.0,630.0,144.0,179.0
HP Photosmart C912,HP,2000,1600.0,800.0,1.0,34.0,108.0,50.0,10.0,16.0,150.0,99.0,179.0
HP Photosmart E317,HP,2005,2560.0,2048.0,5.0,35.0,35.0,60.0,10.0,16.0,231.0,95.0,179.0
HP Photosmart E327,HP,2006,2560.0,2048.0,5.0,35.0,35.0,60.0,0.0,16.0,170.0,96.0,179.0
HP Photosmart E337,HP,2007,2576.0,0.0,5.0,36.0,36.0,100.0,0.0,16.0,170.0,96.0,179.0
HP Photosmart M22,HP,2005,2320.0,1600.0,4.0,36.0,36.0,0.0,0.0,16.0,172.0,109.0,179.0
HP Photosmart M23,HP,2005,2320.0,1600.0,4.0,36.0,36.0,0.0,10.0,16.0,172.0,109.0,179.0
HP Photosmart M307,HP,2004,2080.0,1280.0,3.0,40.0,111.0,80.0,10.0,16.0,177.0,107.0,179.0
HP Photosmart M407,HP,2004,2320.0,1280.0,4.0,40.0,111.0,50.0,10.0,16.0,190.0,95.0,179.0
HP Photosmart M417,HP,2005,2576.0,2048.0,5.0,36.0,108.0,50.0,12.0,16.0,181.0,96.0,179.0
HP Photosmart M425,HP,2006,2576.0,2080.0,5.0,38.0,114.0,50.0,12.0,32.0,172.0,109.0,179.0
HP Photosmart M437,HP,2007,2576.0,0.0,5.0,38.0,114.0,50.0,10.0,16.0,190.0,95.0,179.0
HP Photosmart M517,HP,2005,2576.0,2048.0,5.0,36.0,108.0,80.0,12.0,16.0,190.0,97.0,179.0
HP Photosmart M525,HP,2006,2800.0,2288.0,6.0,38.0,114.0,50.0,12.0,16.0,192.0,96.0,179.0
HP Photosmart M527,HP,2006,2800.0,2288.0,6.0,38.0,114.0,50.0,12.0,16.0,227.0,99.0,179.0
HP Photosmart M537,HP,2007,2848.0,0.0,6.0,38.0,114.0,50.0,0.0,32.0,157.0,90.0,179.0
HP Photosmart Mz67,HP,2007,3264.0,0.0,8.0,35.0,210.0,0.0,14.0,32.0,157.0,90.0,179.0
HP Photosmart R507,HP,2004,2320.0,1280.0,4.0,35.0,105.0,50.0,6.0,32.0,205.0,96.0,179.0
HP Photosmart R607,HP,2004,2320.0,1280.0,4.0,35.0,105.0,50.0,14.0,32.0,205.0,96.0,179.0
HP Photosmart R707,HP,2004,2608.0,1296.0,5.0,39.0,117.0,50.0,14.0,32.0,150.0,93.0,179.0
HP Photosmart R717,HP,2005,2864.0,2592.0,6.0,39.0,117.0,50.0,10.0,32.0,150.0,93.0,179.0
HP Photosmart R725,HP,2006,2864.0,2592.0,6.0,39.0,118.0,50.0,10.0,32.0,136.0,94.0,179.0
HP Photosmart R727,HP,2006,2864.0,2592.0,6.0,39.0,118.0,50.0,5.0,32.0,190.0,91.0,179.0
HP Photosmart R742,HP,2007,3096.0,0.0,7.0,36.0,108.0,50.0,3.0,32.0,190.0,91.0,179.0
HP Photosmart R817,HP,2005,2592.0,2048.0,5.0,36.0,180.0,20.0,3.0,32.0,205.0,100.0,179.0
HP Photosmart R818,HP,2005,2592.0,2048.0,5.0,36.0,180.0,20.0,1.0,32.0,200.0,96.0,179.0
HP Photosmart R837,HP,2007,3112.0,0.0,7.0,39.0,118.0,50.0,12.0,32.0,227.0,105.0,179.0
HP Photosmart R927,HP,2006,3296.0,2592.0,8.0,35.0,105.0,50.0,10.0,,,,179.0
HP Photosmart R937,HP,2007,3298.0,0.0,8.0,39.0,118.0,50.0,,,,,179.0
JVC GC-QX3HD,JVC,2001,2032.0,1024.0,3.0,37.0,86.0,50.0,2.0,8.0,320.0,111.0,14.0
JVC GC-QX5HD,JVC,2001,2032.0,1024.0,3.0,37.0,86.0,50.0,2.0,16.0,320.0,111.0,14.0
Kodak C300,Kodak,2005,2096.0,0.0,3.0,37.0,37.0,80.0,0.0,16.0,198.0,104.0,129.0
Kodak C310,Kodak,2005,2336.0,2313.0,4.0,35.0,35.0,85.0,85.0,16.0,154.0,103.0,129.0
Kodak C330,Kodak,2005,2336.0,2304.0,4.0,34.0,102.0,60.0,13.0,16.0,180.0,91.0,129.0
Kodak C340,Kodak,2005,2576.0,0.0,5.0,34.0,102.0,60.0,13.0,16.0,198.0,92.0,129.0
Kodak C360,Kodak,2005,2690.0,2569.0,5.0,34.0,102.0,60.0,7.0,32.0,170.0,84.0,129.0
Kodak C433,Kodak,2006,2304.0,2048.0,4.0,36.0,108.0,60.0,10.0,16.0,180.0,91.0,126.0
Kodak C513,Kodak,2007,2572.0,2048.0,5.0,36.0,108.0,60.0,13.0,16.0,188.0,91.0,126.0
Kodak C533,Kodak,2006,2576.0,2048.0,5.0,37.0,111.0,60.0,10.0,16.0,200.0,91.0,126.0
Kodak C613,Kodak,2007,2848.0,2048.0,6.0,36.0,108.0,60.0,13.0,16.0,187.0,91.0,126.0
Kodak C643,Kodak,2006,2848.0,2304.0,6.0,36.0,108.0,60.0,13.0,22.0,195.0,92.0,126.0
Kodak C653,Kodak,2007,2848.0,2304.0,6.0,36.0,108.0,60.0,10.0,22.0,195.0,89.0,126.0
Kodak C663,Kodak,2006,2832.0,2304.0,6.0,34.0,102.0,60.0,5.0,32.0,190.0,85.0,126.0
Kodak C743,Kodak,2006,3072.0,2304.0,7.0,37.0,111.0,60.0,13.0,32.0,195.0,92.0,126.0
Kodak C763,Kodak,2007,3072.0,2592.0,7.0,35.0,105.0,60.0,5.0,32.0,180.0,90.0,126.0
Kodak C875,Kodak,2006,3264.0,2560.0,8.0,37.0,185.0,60.0,10.0,32.0,225.0,91.0,126.0
Kodak CX4200,Kodak,2002,1632.0,0.0,2.0,37.0,37.0,75.0,20.0,16.0,250.0,109.0,129.0
Kodak CX4230,Kodak,2002,1632.0,0.0,2.0,36.0,108.0,50.0,10.0,16.0,280.0,115.0,129.0
Kodak CX4300,Kodak,2002,2080.0,0.0,3.0,38.0,76.0,30.0,15.0,16.0,250.0,109.0,126.0
Kodak CX6200,Kodak,2003,1632.0,0.0,2.0,37.0,37.0,50.0,50.0,8.0,195.0,104.0,129.0
Kodak CX6230,Kodak,2003,1632.0,0.0,2.0,36.0,108.0,50.0,50.0,16.0,225.0,104.0,129.0
Kodak CX6330,Kodak,2003,2032.0,0.0,3.0,37.0,111.0,60.0,60.0,16.0,225.0,103.0,126.0
Kodak CX7220,Kodak,2004,0.0,0.0,2.0,37.0,78.0,50.0,60.0,16.0,195.0,104.0,129.0
Kodak CX7300,Kodak,2004,2096.0,0.0,3.0,37.0,37.0,80.0,0.0,16.0,162.0,104.0,126.0
Kodak CX7330,Kodak,2004,2032.0,0.0,3.0,37.0,111.0,60.0,13.0,16.0,225.0,103.0,126.0
Kodak CX7430,Kodak,2004,2408.0,0.0,4.0,34.0,102.0,60.0,10.0,16.0,198.0,103.0,126.0
Kodak CX7530,Kodak,2004,2560.0,0.0,4.0,34.0,102.0,60.0,10.0,32.0,240.0,103.0,126.0
Kodak DC200,Kodak,1998,1152.0,640.0,0.0,39.0,39.0,70.0,0.0,4.0,400.0,131.0,129.0
Kodak DC200 plus,Kodak,1999,1152.0,640.0,0.0,39.0,39.0,70.0,0.0,4.0,400.0,131.0,129.0
Kodak DC210 plus,Kodak,1998,1152.0,640.0,0.0,29.0,58.0,50.0,20.0,8.0,400.0,131.0,129.0
Kodak DC215,Kodak,1999,1152.0,640.0,0.0,29.0,58.0,50.0,20.0,4.0,320.0,115.0,129.0
Kodak DC220,Kodak,1998,1152.0,640.0,0.0,29.0,58.0,50.0,20.0,8.0,550.0,118.0,129.0
Kodak DC240,Kodak,1999,1280.0,640.0,1.0,39.0,117.0,50.0,25.0,8.0,420.0,133.0,129.0
Kodak DC260,Kodak,1998,1536.0,768.0,1.0,38.0,115.0,30.0,0.0,8.0,550.0,118.0,129.0
Kodak DC265,Kodak,1999,1536.0,768.0,1.0,38.0,115.0,30.0,0.0,16.0,550.0,118.0,129.0
Kodak DC280,Kodak,1999,1760.0,896.0,2.0,30.0,60.0,50.0,25.0,20.0,420.0,133.0,129.0
Kodak DC290,Kodak,1999,1792.0,1440.0,2.0,38.0,115.0,30.0,0.0,20.0,550.0,118.0,129.0
Kodak DC3200,Kodak,2000,1152.0,576.0,0.0,39.0,39.0,60.0,0.0,2.0,240.0,113.0,129.0
Kodak DC3400,Kodak,2000,1760.0,896.0,2.0,38.0,76.0,50.0,25.0,20.0,420.0,133.0,129.0
Kodak DC3800,Kodak,2000,1760.0,896.0,2.0,33.0,33.0,50.0,20.0,0.0,200.0,95.0,129.0
Kodak DC4800,Kodak,2000,2160.0,1800.0,3.0,28.0,84.0,50.0,20.0,16.0,320.0,120.0,129.0
Kodak DC5000,Kodak,2000,1760.0,896.0,2.0,30.0,60.0,50.0,20.0,16.0,459.0,140.0,126.0
Kodak DCS 14n,Kodak,2002,4536.0,3024.0,13.0,0.0,0.0,0.0,0.0,0.0,1000.0,131.0,129.0
Kodak DCS315,Kodak,1998,1520.0,0.0,1.0,0.0,0.0,0.0,0.0,0.0,1800.0,137.0,126.0
Kodak DCS330,Kodak,1999,2008.0,0.0,3.0,0.0,0.0,0.0,0.0,0.0,1080.0,137.0,126.0
Kodak DCS420,Kodak,1994,1524.0,0.0,1.0,0.0,0.0,0.0,0.0,0.0,1700.0,170.0,129.0
Kodak DCS460,Kodak,1995,3060.0,0.0,6.0,0.0,0.0,0.0,0.0,0.0,1700.0,170.0,129.0
Kodak DCS520,Kodak,1998,1728.0,0.0,2.0,0.0,0.0,0.0,0.0,0.0,1650.0,161.0,129.0
Kodak DCS560,Kodak,1998,3040.0,0.0,6.0,0.0,0.0,0.0,0.0,0.0,1650.0,161.0,129.0
Kodak DCS620,Kodak,1999,1728.0,0.0,2.0,0.0,0.0,0.0,0.0,0.0,1580.0,194.0,129.0
Kodak DCS620x,Kodak,2000,1728.0,0.0,2.0,0.0,0.0,0.0,0.0,0.0,1580.0,194.0,129.0
Kodak DCS660,Kodak,1999,3040.0,0.0,6.0,0.0,0.0,0.0,0.0,0.0,1580.0,194.0,129.0
Kodak DCS720x,Kodak,2001,1728.0,0.0,2.0,0.0,0.0,0.0,0.0,0.0,1580.0,194.0,129.0
Kodak DCS760,Kodak,2001,3032.0,0.0,6.0,0.0,0.0,0.0,0.0,0.0,1860.0,194.0,129.0
Kodak DCS SLR/c,Kodak,2004,4500.0,3000.0,13.0,0.0,0.0,0.0,0.0,0.0,1000.0,137.0,129.0
Kodak DCS SLR/n,Kodak,2004,4500.0,3000.0,13.0,0.0,0.0,0.0,0.0,0.0,1000.0,131.0,129.0
Kodak DX3215,Kodak,2001,1280.0,0.0,1.0,30.0,60.0,75.0,22.0,8.0,260.0,121.0,129.0
Kodak DX3500,Kodak,2001,1800.0,900.0,2.0,38.0,38.0,75.0,22.0,8.0,225.0,120.0,129.0
Kodak DX3600,Kodak,2001,1800.0,900.0,2.0,35.0,70.0,50.0,28.0,8.0,250.0,120.0,129.0
Kodak DX3700,Kodak,2001,2160.0,0.0,3.0,37.0,37.0,50.0,15.0,8.0,250.0,150.0,129.0
Kodak DX3900,Kodak,2001,2160.0,1800.0,3.0,35.0,70.0,50.0,7.0,8.0,260.0,116.0,129.0
Kodak DX4330,Kodak,2002,2160.0,1800.0,3.0,38.0,114.0,60.0,7.0,16.0,260.0,111.0,126.0
Kodak DX4530,Kodak,2003,2580.0,0.0,5.0,38.0,114.0,60.0,7.0,32.0,210.0,111.0,126.0
Kodak DX4900,Kodak,2002,2448.0,2160.0,4.0,35.0,70.0,50.0,7.0,16.0,260.0,116.0,129.0
Kodak DX6340,Kodak,2003,2032.0,0.0,3.0,36.0,144.0,50.0,10.0,16.0,280.0,109.0,126.0
Kodak DX6440,Kodak,2003,2304.0,0.0,4.0,33.0,132.0,50.0,10.0,16.0,270.0,109.0,129.0
Kodak DX6490,Kodak,2003,2304.0,0.0,4.0,38.0,380.0,60.0,12.0,16.0,380.0,100.0,129.0
Kodak DX7440,Kodak,2004,2304.0,2048.0,4.0,33.0,132.0,50.0,10.0,32.0,270.0,100.0,129.0
Kodak DX7590,Kodak,2004,2576.0,2576.0,5.0,38.0,380.0,60.0,12.0,32.0,400.0,97.0,126.0
Kodak DX7630,Kodak,2004,2872.0,0.0,6.0,39.0,117.0,60.0,7.0,32.0,270.0,100.0,126.0
Kodak Easyshare One,Kodak,2005,2304.0,0.0,4.0,36.0,100.0,60.0,10.0,256.0,275.0,103.0,296.0
Kodak LS420,Kodak,2002,1752.0,876.0,2.0,38.0,38.0,80.0,0.0,8.0,160.0,109.0,129.0
Kodak LS443,Kodak,2002,2448.0,2160.0,4.0,35.0,105.0,70.0,13.0,16.0,260.0,109.0,129.0
Kodak LS633,Kodak,2003,2041.0,0.0,3.0,37.0,111.0,60.0,13.0,16.0,260.0,114.0,126.0
Kodak LS743,Kodak,2004,2304.0,0.0,4.0,36.0,100.0,60.0,12.0,16.0,220.0,108.0,126.0
Kodak LS753,Kodak,2004,2569.0,0.0,5.0,36.0,108.0,60.0,12.0,32.0,220.0,108.0,126.0
Kodak LS755,Kodak,2004,2592.0,2288.0,5.0,36.0,108.0,70.0,5.0,16.0,210.0,95.0,126.0
Kodak M753,Kodak,2007,3056.0,2592.0,7.0,37.0,111.0,40.0,7.0,16.0,165.0,93.0,126.0
Kodak M853,Kodak,2007,3296.0,2592.0,8.0,37.0,111.0,40.0,7.0,16.0,165.0,93.0,146.0
Kodak M873,Kodak,2007,3264.0,2592.0,8.0,38.0,114.0,70.0,10.0,32.0,160.0,92.0,146.0
Kodak M883,Kodak,2007,3280.0,0.0,8.0,38.0,114.0,70.0,10.0,64.0,166.0,92.0,146.0
Kodak mc3,Kodak,2001,640.0,0.0,0.0,37.0,37.0,70.0,0.0,16.0,198.0,105.0,129.0
Kodak P712,Kodak,2006,3072.0,2592.0,7.0,36.0,432.0,50.0,10.0,32.0,440.0,108.0,126.0
Kodak P850,Kodak,2005,2592.0,2048.0,5.0,36.0,432.0,10.0,10.0,32.0,450.0,108.0,146.0
Kodak P880,Kodak,2005,3264.0,2560.0,8.0,24.0,140.0,10.0,5.0,32.0,570.0,116.0,146.0
Kodak V1003,Kodak,2007,3648.0,2560.0,10.0,36.0,108.0,60.0,5.0,24.0,185.0,103.0,129.0
Kodak V530,Kodak,2005,2569.0,2576.0,5.0,36.0,108.0,60.0,7.0,16.0,150.0,92.0,126.0
Kodak V550,Kodak,2005,2569.0,2576.0,5.0,36.0,108.0,60.0,7.0,32.0,160.0,94.0,126.0
Kodak V570,Kodak,2006,2569.0,2576.0,5.0,39.0,117.0,0.0,0.0,32.0,175.0,101.0,129.0
Kodak V610,Kodak,2006,2832.0,2304.0,6.0,38.0,380.0,0.0,0.0,32.0,195.0,111.0,129.0
Kodak V705,Kodak,2006,3072.0,2576.0,7.0,23.0,117.0,60.0,5.0,32.0,165.0,101.0,126.0
Kodak V803,Kodak,2007,3264.0,2560.0,8.0,36.0,108.0,60.0,5.0,24.0,185.0,103.0,146.0
Kodak Z1275,Kodak,2007,4000.0,2832.0,12.0,35.0,175.0,60.0,10.0,64.0,211.0,90.0,129.0
Kodak Z612,Kodak,2006,2848.0,2304.0,6.0,35.0,420.0,50.0,10.0,32.0,330.0,104.0,129.0
Kodak Z650,Kodak,2006,2848.0,2304.0,6.0,38.0,380.0,60.0,12.0,32.0,320.0,98.0,126.0
Kodak Z700,Kodak,2005,2304.0,0.0,4.0,35.0,175.0,60.0,10.0,16.0,270.0,97.0,126.0
Kodak Z710,Kodak,2006,3072.0,2592.0,7.0,38.0,380.0,60.0,12.0,32.0,360.0,98.0,126.0
Kodak Z712,Kodak,2007,3072.0,2592.0,7.0,36.0,423.0,60.0,13.0,32.0,350.0,104.0,126.0
Kodak Z730,Kodak,2005,2576.0,2304.0,5.0,33.0,132.0,50.0,10.0,32.0,270.0,100.0,126.0
Kodak Z740,Kodak,2005,2576.0,2304.0,5.0,38.0,380.0,60.0,12.0,32.0,330.0,98.0,126.0
Kodak Z7590,Kodak,2005,2576.0,2576.0,5.0,38.0,380.0,60.0,12.0,32.0,400.0,97.0,126.0
Kodak Z760,Kodak,2005,2872.0,2856.0,6.0,39.0,117.0,60.0,7.0,32.0,259.0,100.0,126.0
Kodak Z885,Kodak,2007,3264.0,2592.0,8.0,36.0,180.0,60.0,7.0,32.0,211.0,90.0,146.0
Kyocera Finecam 3300,Kyocera,2000,2048.0,1024.0,3.0,38.0,76.0,60.0,10.0,8.0,240.0,38.0,169.0
Kyocera Finecam L30,Kyocera,2003,2048.0,1024.0,3.0,38.0,115.0,60.0,20.0,16.0,220.0,111.0,169.0
Kyocera Finecam L3V,Kyocera,2003,2048.0,1600.0,3.0,38.0,115.0,60.0,20.0,16.0,220.0,112.0,169.0
Kyocera Finecam L4V,Kyocera,2003,2304.0,1600.0,4.0,35.0,105.0,60.0,20.0,16.0,220.0,112.0,199.0
Kyocera Finecam M400R,Kyocera,2004,2272.0,1600.0,4.0,37.0,370.0,60.0,10.0,0.0,340.0,107.0,169.0
Kyocera Finecam M410R,Kyocera,2004,2272.0,1600.0,4.0,37.0,370.0,60.0,10.0,0.0,340.0,107.0,179.0
Kyocera Finecam S3,Kyocera,2001,2048.0,1024.0,3.0,38.0,76.0,30.0,6.0,16.0,160.0,30.0,1699.0
Kyocera Finecam S3L,Kyocera,2002,2048.0,1600.0,3.0,35.0,105.0,55.0,12.0,16.0,205.0,92.0,1699.0
Kyocera Finecam S3R,Kyocera,2003,2048.0,1600.0,3.0,35.0,105.0,60.0,17.0,16.0,205.0,92.0,1699.0
Kyocera Finecam S3x,Kyocera,2002,2048.0,1024.0,3.0,35.0,105.0,55.0,12.0,16.0,175.0,32.0,1699.0
Kyocera Finecam S4,Kyocera,2002,2272.0,1280.0,3.0,35.0,105.0,55.0,12.0,16.0,175.0,32.0,1699.0
Kyocera Finecam S5,Kyocera,2002,2560.0,1600.0,5.0,35.0,105.0,55.0,12.0,16.0,205.0,92.0,1699.0
Kyocera Finecam S5R,Kyocera,2003,2560.0,1600.0,5.0,35.0,105.0,60.0,17.0,16.0,205.0,92.0,1699.0
Kyocera Finecam SL300R,Kyocera,2003,2048.0,1600.0,3.0,35.0,115.0,60.0,20.0,16.0,175.0,100.0,229.0
Kyocera Finecam SL400R,Kyocera,2004,2272.0,1600.0,3.0,35.0,115.0,60.0,20.0,16.0,155.0,100.0,229.0
Leica C-LUX 1,Leica,2006,2816.0,2048.0,6.0,28.0,102.0,50.0,5.0,16.0,155.0,94.0,509.0
Leica Digilux,Leica,1998,1280.0,640.0,1.0,35.0,35.0,50.0,9.0,2.0,260.0,80.0,149.0
Leica Digilux 1,Leica,2002,2240.0,1600.0,3.0,33.0,100.0,30.0,6.0,32.0,455.0,127.0,249.0
Leica Digilux 2,Leica,2003,2560.0,2048.0,4.0,28.0,90.0,30.0,30.0,64.0,705.0,135.0,249.0
Leica Digilux 3,Leica,2006,3136.0,2560.0,7.0,0.0,0.0,0.0,0.0,0.0,606.0,146.0,269.0
Leica Digilux 4.3,Leica,2000,2400.0,1280.0,2.0,36.0,108.0,80.0,20.0,16.0,280.0,78.0,149.0
Leica Digilux Zoom,Leica,2000,1280.0,640.0,1.0,38.0,114.0,80.0,20.0,8.0,270.0,79.0,249.0
Leica D-LUX 2,Leica,2005,3840.0,3072.0,8.0,28.0,112.0,50.0,5.0,32.0,220.0,106.0,509.0
Leica D-LUX 3,Leica,2006,4224.0,3840.0,10.0,28.0,112.0,50.0,5.0,13.0,220.0,106.0,509.0
Leica M8,Leica,2006,3936.0,2952.0,10.0,0.0,0.0,0.0,0.0,0.0,591.0,139.0,146.0
Leica V-LUX 1,Leica,2006,3648.0,3264.0,10.0,35.0,420.0,30.0,5.0,32.0,734.0,141.0,509.0
Nikon Coolpix 100,Nikon,1997,512.0,320.0,0.0,52.0,52.0,23.0,14.0,1.0,200.0,60.0,229.0
Nikon Coolpix 2000,Nikon,2002,1632.0,1024.0,1.0,38.0,114.0,0.0,0.0,8.0,295.0,108.0,229.0
Nikon Coolpix 2100,Nikon,2003,1600.0,1024.0,1.0,36.0,108.0,30.0,4.0,8.0,215.0,88.0,99.0
Nikon Coolpix 2200,Nikon,2004,1600.0,1024.0,1.0,36.0,108.0,30.0,4.0,14.0,190.0,88.0,229.0
Nikon Coolpix 2500,Nikon,2002,1600.0,1280.0,1.0,37.0,111.0,30.0,4.0,8.0,250.0,114.0,229.0
Nikon Coolpix 300,Nikon,1997,640.0,0.0,0.0,45.0,45.0,23.0,14.0,4.0,250.0,78.0,229.0
Nikon Coolpix 3100,Nikon,2003,2048.0,1600.0,3.0,38.0,115.0,30.0,4.0,16.0,215.0,88.0,99.0
Nikon Coolpix 3200,Nikon,2004,2048.0,1600.0,3.0,38.0,115.0,30.0,4.0,14.0,190.0,88.0,229.0
Nikon Coolpix 3500,Nikon,2002,2048.0,1600.0,3.0,37.0,111.0,30.0,4.0,8.0,250.0,114.0,229.0
Nikon Coolpix 3700,Nikon,2003,2048.0,1600.0,3.0,35.0,105.0,30.0,3.0,16.0,162.0,95.5,229.0
Nikon Coolpix 4100,Nikon,2004,2288.0,1600.0,3.0,35.0,105.0,0.0,0.0,14.0,190.0,88.0,99.0
Nikon Coolpix 4200,Nikon,2004,2272.0,2048.0,3.0,38.0,114.0,30.0,4.0,12.0,180.0,88.0,229.0
Nikon Coolpix 4300,Nikon,2002,2272.0,2048.0,3.0,38.0,114.0,30.0,4.0,16.0,286.0,95.0,229.0
Nikon Coolpix 4500,Nikon,2002,2272.0,1280.0,3.0,38.0,155.0,30.0,2.0,16.0,374.0,130.0,229.0
Nikon Coolpix 4600,Nikon,2005,2288.0,1600.0,3.0,34.0,102.0,30.0,4.0,14.0,180.0,85.0,229.0
Nikon Coolpix 4800,Nikon,2004,2288.0,1600.0,4.0,36.0,300.0,40.0,1.0,13.0,295.0,106.0,229.0
Nikon Coolpix 5000,Nikon,2001,2560.0,1600.0,4.0,28.0,85.0,50.0,2.0,32.0,414.0,102.0,229.0
Nikon Coolpix 5200,Nikon,2004,2592.0,2048.0,5.0,38.0,114.0,30.0,4.0,12.0,180.0,88.0,229.0
Nikon Coolpix 5400,Nikon,2003,2592.0,1600.0,5.0,28.0,116.0,50.0,1.0,16.0,400.0,108.0,229.0
Nikon Coolpix 5600,Nikon,2005,2592.0,2048.0,5.0,34.0,102.0,30.0,4.0,14.0,180.0,85.0,229.0
Nikon Coolpix 5700,Nikon,2002,2560.0,1600.0,4.0,35.0,280.0,50.0,3.0,32.0,512.0,108.0,229.0
Nikon Coolpix 5900,Nikon,2005,2592.0,2048.0,5.0,38.0,114.0,30.0,4.0,13.0,185.0,88.0,229.0
Nikon Coolpix 600,Nikon,1998,1024.0,512.0,0.0,36.0,36.0,50.0,14.0,8.0,220.0,110.0,229.0
Nikon Coolpix 700,Nikon,1999,1600.0,640.0,1.0,35.0,35.0,30.0,9.0,8.0,340.0,114.0,229.0
Nikon Coolpix 7600,Nikon,2005,3072.0,2592.0,7.0,38.0,114.0,30.0,4.0,14.0,195.0,85.0,229.0
Nikon Coolpix 775,Nikon,2001,1600.0,1024.0,1.0,38.0,115.0,30.0,4.0,8.0,230.0,87.0,159.0
Nikon Coolpix 7900,Nikon,2005,3072.0,2592.0,7.0,38.0,114.0,30.0,4.0,13.0,185.0,88.0,229.0
Nikon Coolpix 800,Nikon,1999,1600.0,640.0,1.0,38.0,76.0,30.0,7.0,8.0,360.0,119.0,229.0
Nikon Coolpix 8400,Nikon,2004,3264.0,2592.0,8.0,24.0,85.0,50.0,3.0,0.0,470.0,113.0,229.0
Nikon Coolpix 8700,Nikon,2004,3264.0,2592.0,8.0,35.0,280.0,50.0,3.0,0.0,512.0,113.0,229.0
Nikon Coolpix 880,Nikon,2000,2048.0,1024.0,3.0,38.0,95.0,40.0,4.0,8.0,320.0,99.5,229.0
Nikon Coolpix 8800,Nikon,2004,3264.0,2592.0,8.0,35.0,350.0,50.0,3.0,0.0,680.0,116.0,229.0
Nikon Coolpix 885,Nikon,2001,2048.0,1024.0,3.0,38.0,114.0,40.0,4.0,16.0,286.0,95.0,159.0
Nikon Coolpix 900,Nikon,1998,1280.0,640.0,1.0,38.0,115.0,50.0,20.0,4.0,420.0,157.0,229.0
Nikon Coolpix 900S,Nikon,1998,1280.0,640.0,1.0,38.0,115.0,50.0,20.0,8.0,420.0,157.0,229.0
Nikon Coolpix 950,Nikon,1999,1600.0,1024.0,1.0,38.0,115.0,30.0,2.0,8.0,480.0,143.0,229.0
Nikon Coolpix 990,Nikon,2000,2048.0,1024.0,3.0,38.0,115.0,30.0,2.0,16.0,450.0,143.0,229.0
Nikon Coolpix 995,Nikon,2001,2048.0,1600.0,3.0,38.0,152.0,30.0,2.0,16.0,420.0,138.0,159.0
Nikon Coolpix L1,Nikon,2005,2816.0,2048.0,6.0,38.0,190.0,50.0,4.0,10.0,195.0,90.0,99.0
Nikon Coolpix L10,Nikon,2007,2560.0,2048.0,4.0,37.0,112.0,40.0,15.0,7.0,165.0,90.0,99.0
Nikon Coolpix L11,Nikon,2007,2816.0,2048.0,6.0,37.0,112.0,40.0,15.0,7.0,175.0,90.0,99.0
Nikon Coolpix L12,Nikon,2007,3072.0,2592.0,7.0,35.0,105.0,50.0,15.0,21.0,175.0,91.0,99.0
Nikon Coolpix L14,Nikon,2007,3072.0,2048.0,7.0,38.0,114.0,60.0,10.0,23.0,225.0,91.0,129.0
Nikon Coolpix L15,Nikon,2007,3264.0,2592.0,8.0,35.0,105.0,50.0,15.0,32.0,225.0,91.0,159.0
Nikon Coolpix L2,Nikon,2006,2816.0,2048.0,6.0,38.0,116.0,30.0,10.0,23.0,170.0,91.0,99.0
Nikon Coolpix L3,Nikon,2006,2592.0,2048.0,5.0,38.0,116.0,30.0,10.0,23.0,170.0,91.0,99.0
Nikon Coolpix L4,Nikon,2006,2272.0,1600.0,3.0,38.0,114.0,30.0,4.0,10.0,165.0,87.0,99.0
Nikon Coolpix L5,Nikon,2006,3072.0,2592.0,7.0,38.0,190.0,50.0,4.0,8.0,210.0,97.0,99.0
Nikon Coolpix L6,Nikon,2006,2816.0,2048.0,6.0,38.0,116.0,30.0,10.0,23.0,175.0,91.0,99.0
Nikon Coolpix P1,Nikon,2005,3264.0,2592.0,8.0,35.0,126.0,50.0,4.0,32.0,185.0,91.0,99.0
Nikon Coolpix P2,Nikon,2005,2592.0,2048.0,5.0,35.0,126.0,50.0,4.0,16.0,185.0,91.0,229.0
Nikon Coolpix P3,Nikon,2006,3264.0,2592.0,8.0,36.0,126.0,30.0,4.0,23.0,200.0,92.0,229.0
Nikon Coolpix P4,Nikon,2006,3264.0,2592.0,8.0,36.0,126.0,30.0,4.0,23.0,200.0,92.0,229.0
Nikon Coolpix P50,Nikon,2007,3264.0,3200.0,8.0,28.0,102.0,50.0,5.0,52.0,210.0,95.0,229.0
Nikon Coolpix P5000,Nikon,2007,3648.0,2592.0,10.0,36.0,126.0,30.0,4.0,26.0,240.0,98.0,399.0
Nikon Coolpix P5100,Nikon,2007,4000.0,3264.0,12.0,35.0,123.0,30.0,4.0,52.0,250.0,98.0,399.0
Nikon Coolpix S1,Nikon,2005,2592.0,2048.0,5.0,35.0,105.0,30.0,4.0,12.0,170.0,90.0,99.0
Nikon Coolpix S10,Nikon,2006,2816.0,2048.0,6.0,38.0,380.0,30.0,4.0,16.0,280.0,113.0,99.0
Nikon Coolpix S2,Nikon,2005,2592.0,2048.0,5.0,35.0,105.0,30.0,4.0,12.0,160.0,92.0,199.0
Nikon Coolpix S200,Nikon,2007,3072.0,2592.0,7.0,38.0,114.0,60.0,10.0,20.0,165.0,92.0,229.0
Nikon Coolpix S3,Nikon,2005,2816.0,2048.0,6.0,35.0,105.0,30.0,4.0,12.0,132.0,90.0,199.0
Nikon Coolpix S4,Nikon,2005,2816.0,2048.0,6.0,38.0,380.0,30.0,6.0,13.0,225.0,112.0,199.0
Nikon Coolpix S5,Nikon,2006,2816.0,2048.0,6.0,35.0,105.0,30.0,4.0,21.0,165.0,93.0,229.0
Nikon Coolpix S50,Nikon,2007,3072.0,2592.0,7.0,38.0,114.0,30.0,4.0,13.0,165.0,88.0,229.0
Nikon Coolpix S500,Nikon,2007,3072.0,2592.0,7.0,35.0,105.0,50.0,15.0,26.0,165.0,88.0,229.0
Nikon Coolpix S50c,Nikon,2007,3072.0,2592.0,7.0,38.0,114.0,30.0,4.0,13.0,165.0,88.0,329.0
Nikon Coolpix S51,Nikon,2007,3264.0,2592.0,7.0,38.0,114.0,30.0,4.0,13.0,175.0,93.0,279.0
Nikon Coolpix S510,Nikon,2007,3264.0,3200.0,8.0,35.0,105.0,50.0,15.0,52.0,125.0,88.0,399.0
Nikon Coolpix S51c,Nikon,2007,3264.0,2592.0,7.0,38.0,114.0,30.0,4.0,13.0,175.0,98.0,329.0
Nikon Coolpix S6,Nikon,2006,2816.0,2048.0,6.0,35.0,105.0,30.0,4.0,20.0,170.0,101.0,199.0
Nikon Coolpix S7c,Nikon,2006,3072.0,2592.0,7.0,35.0,105.0,30.0,4.0,14.0,170.0,101.0,199.0
Nikon Coolpix S9,Nikon,2006,2816.0,2048.0,6.0,38.0,114.0,25.0,4.0,24.0,165.0,91.0,199.0
Nikon Coolpix SQ,Nikon,2003,2016.0,1600.0,3.0,37.0,111.0,30.0,4.0,16.0,216.0,83.0,199.0
Nikon D1,Nikon,1999,2000.0,0.0,2.0,0.0,0.0,0.0,0.0,0.0,1200.0,157.0,1599.0
Nikon D100,Nikon,2002,3008.0,2240.0,6.0,0.0,0.0,0.0,0.0,0.0,780.0,144.0,1599.0
Nikon D1H,Nikon,2001,2000.0,0.0,2.0,0.0,0.0,0.0,0.0,0.0,1200.0,157.0,1599.0
Nikon D1X,Nikon,2001,3008.0,2000.0,5.0,0.0,0.0,0.0,0.0,0.0,1200.0,157.0,4699.0
Nikon D200,Nikon,2005,3872.0,2896.0,10.0,0.0,0.0,0.0,0.0,0.0,920.0,147.0,1599.0
Nikon D2H,Nikon,2003,2464.0,1840.0,4.0,0.0,0.0,0.0,0.0,0.0,1200.0,158.0,1599.0
Nikon D2Hs,Nikon,2005,2464.0,1840.0,4.0,0.0,0.0,0.0,0.0,0.0,1200.0,158.0,4699.0
Nikon D2X,Nikon,2004,4288.0,3216.0,12.0,0.0,0.0,0.0,0.0,0.0,1200.0,158.0,4699.0
Nikon D2Xs,Nikon,2006,4288.0,3216.0,12.0,0.0,0.0,0.0,0.0,0.0,1200.0,158.0,4699.0
Nikon D3,Nikon,2007,4256.0,3184.0,12.0,0.0,0.0,0.0,0.0,0.0,1300.0,160.0,4999.0
Nikon D300,Nikon,2007,4288.0,3216.0,12.0,0.0,0.0,0.0,0.0,0.0,925.0,147.0,1799.0
Nikon D40,Nikon,2006,3008.0,2256.0,6.0,0.0,0.0,0.0,0.0,0.0,522.0,124.0,549.0
Nikon D40X,Nikon,2007,3872.0,2896.0,10.0,0.0,0.0,0.0,0.0,0.0,522.0,124.0,549.0
Nikon D50,Nikon,2005,3008.0,2256.0,6.0,0.0,0.0,0.0,0.0,0.0,620.0,133.0,1599.0
Nikon D70,Nikon,2004,3008.0,2240.0,6.0,0.0,0.0,0.0,0.0,0.0,679.0,140.0,1599.0
Nikon D70s,Nikon,2005,3008.0,2240.0,6.0,0.0,0.0,0.0,0.0,0.0,679.0,140.0,1599.0
Nikon D80,Nikon,2006,3872.0,2896.0,10.0,0.0,0.0,0.0,0.0,0.0,668.0,132.0,1199.0
Olympus C-1,Olympus,2001,1280.0,640.0,1.0,35.0,35.0,50.0,10.0,8.0,190.0,110.0,1699.0
Olympus D-370,Olympus,2001,1280.0,1024.0,1.0,35.0,35.0,60.0,25.0,1.0,190.0,123.0,1699.0
Olympus D-380,Olympus,2002,1600.0,1024.0,1.0,35.0,35.0,60.0,25.0,8.0,250.0,123.0,1699.0
Olympus D-150Z,Olympus,2001,1280.0,640.0,1.0,38.0,114.0,50.0,20.0,8.0,190.0,110.0,1699.0
Olympus C-2,Olympus,2001,1600.0,1024.0,1.0,36.0,36.0,50.0,10.0,16.0,220.0,110.0,1699.0
Olympus C-2000 Zoom,Olympus,1999,1600.0,1024.0,1.0,35.0,105.0,80.0,20.0,8.0,380.0,108.0,129.0
Olympus D-510 Zoom,Olympus,2001,1600.0,1024.0,1.0,35.0,105.0,80.0,20.0,8.0,250.0,118.0,129.0
Olympus C-2020 Zoom,Olympus,1999,1600.0,1024.0,1.0,35.0,105.0,80.0,20.0,8.0,380.0,108.0,129.0
Olympus C-2040 Zoom,Olympus,2000,1600.0,1024.0,1.0,40.0,120.0,80.0,20.0,8.0,380.0,108.0,129.0
Olympus C-21,Olympus,1999,1600.0,1024.0,1.0,38.0,38.0,60.0,15.0,8.0,190.0,107.0,1699.0
Olympus C-2100 UZ,Olympus,2000,1600.0,1280.0,1.0,38.0,380.0,60.0,10.0,8.0,540.0,113.0,129.0
Olympus C-2500 L,Olympus,1999,1712.0,1280.0,2.0,36.0,110.0,80.0,2.0,32.0,530.0,109.0,129.0
Olympus C-3000 Zoom,Olympus,2000,2048.0,1600.0,3.0,32.0,96.0,80.0,20.0,8.0,380.0,109.0,1699.0
Olympus C-300 Zoom,Olympus,2002,1984.0,1600.0,3.0,36.0,100.0,80.0,20.0,16.0,300.0,118.0,1699.0
Olympus C-3020 Zoom,Olympus,2001,2048.0,1600.0,3.0,32.0,96.0,80.0,20.0,8.0,380.0,109.0,1699.0
Olympus C-3030 Zoom,Olympus,2000,2048.0,1600.0,3.0,32.0,96.0,80.0,20.0,16.0,380.0,109.0,1699.0
Olympus C-3040 Zoom,Olympus,2000,2048.0,1600.0,3.0,35.0,105.0,80.0,20.0,16.0,420.0,109.0,1699.0
Olympus C-4000 Zoom,Olympus,2002,2288.0,2048.0,3.0,32.0,96.0,80.0,2.0,16.0,400.0,110.0,129.0
Olympus C-4040 Zoom,Olympus,2001,2272.0,2048.0,3.0,35.0,105.0,80.0,20.0,16.0,420.0,110.0,129.0
Olympus D-40 Zoom,Olympus,2001,2272.0,2048.0,3.0,35.0,98.0,80.0,10.0,16.0,270.0,87.0,1699.0
Olympus C-5000 Zoom,Olympus,2003,2560.0,2272.0,4.0,38.0,114.0,50.0,4.0,32.0,280.0,105.0,449.0
Olympus C-5050 Zoom,Olympus,2002,2560.0,2288.0,4.0,35.0,105.0,80.0,20.0,32.0,480.0,114.0,449.0
Olympus C-5060 Zoom,Olympus,2003,2592.0,2288.0,5.0,27.0,110.0,80.0,3.0,32.0,480.0,116.0,449.0
Olympus C-50 Zoom,Olympus,2002,2560.0,2048.0,4.0,38.0,114.0,50.0,20.0,32.0,230.0,100.0,449.0
Olympus C-5500 Sport Zoom,Olympus,2005,2592.0,2288.0,5.0,38.0,190.0,60.0,8.0,16.0,340.0,110.0,129.0
Olympus C-60 Zoom,Olympus,2004,2816.0,2560.0,5.0,38.0,114.0,40.0,4.0,32.0,230.0,99.0,449.0
Olympus C-7000 Zoom,Olympus,2004,3072.0,2592.0,7.0,38.0,190.0,60.0,2.0,32.0,280.0,102.0,129.0
Olympus C-700 UZ,Olympus,2001,1600.0,1280.0,1.0,38.0,380.0,60.0,10.0,8.0,340.0,108.0,449.0
Olympus C-7070 Wide Zoom,Olympus,2005,3072.0,2592.0,7.0,27.0,110.0,80.0,3.0,32.0,480.0,116.0,129.0
Olympus C-720 UZ,Olympus,2002,1984.0,1600.0,3.0,40.0,320.0,60.0,10.0,16.0,340.0,108.0,449.0
Olympus C-730 UZ,Olympus,2002,2048.0,1600.0,3.0,38.0,380.0,60.0,10.0,16.0,400.0,108.0,449.0
Olympus C-740 UZ,Olympus,2003,2048.0,1600.0,3.0,38.0,380.0,60.0,3.0,16.0,340.0,108.0,449.0
Olympus C-750 UZ,Olympus,2003,2288.0,2048.0,3.0,38.0,380.0,60.0,3.0,16.0,340.0,108.0,449.0
Olympus C-765 UZ,Olympus,2004,2288.0,2048.0,3.0,38.0,380.0,60.0,7.0,16.0,310.0,105.0,449.0
Olympus C-770 UZ,Olympus,2004,2288.0,2048.0,3.0,38.0,380.0,60.0,7.0,32.0,310.0,105.0,449.0
Olympus C-8080 Wide Zoom,Olympus,2004,3264.0,2592.0,8.0,28.0,140.0,80.0,5.0,32.0,724.0,124.0,179.0
Olympus D-200L,Olympus,1996,640.0,320.0,0.0,36.0,36.0,75.0,20.0,2.0,320.0,145.0,129.0
Olympus D-300L,Olympus,1996,1024.0,512.0,0.0,36.0,36.0,50.0,20.0,6.0,320.0,145.0,1699.0
Olympus D-340L,Olympus,1998,1280.0,640.0,1.0,36.0,36.0,70.0,10.0,4.0,320.0,128.0,1699.0
Olympus D-340R,Olympus,1999,1280.0,640.0,1.0,36.0,36.0,70.0,10.0,8.0,320.0,128.0,1699.0
Olympus D-360L,Olympus,2000,1280.0,640.0,1.0,36.0,36.0,50.0,10.0,8.0,280.0,128.0,1699.0
Olympus D-390,Olympus,2003,1600.0,1024.0,1.0,35.0,35.0,50.0,20.0,16.0,230.0,108.0,1699.0
Olympus D-395,Olympus,2004,2048.0,1024.0,3.0,33.0,33.0,50.0,20.0,16.0,210.0,110.0,1699.0
Olympus D-400 Zoom,Olympus,1998,1280.0,640.0,1.0,35.0,105.0,80.0,20.0,8.0,320.0,127.0,129.0
Olympus D-425,Olympus,2005,2288.0,1600.0,3.0,37.0,37.0,50.0,20.0,14.0,170.0,101.0,1699.0
Olympus D-435,Olympus,2005,2592.0,1600.0,5.0,36.0,35.0,50.0,20.0,0.0,140.0,101.0,1699.0
Olympus D-450 Zoom,Olympus,1999,1280.0,640.0,1.0,35.0,105.0,80.0,20.0,8.0,320.0,127.0,129.0
Olympus D-460 Zoom,Olympus,2000,1280.0,640.0,1.0,35.0,105.0,80.0,20.0,8.0,320.0,127.0,449.0
Olympus D-490 Zoom,Olympus,2000,1600.0,640.0,1.0,35.0,105.0,80.0,20.0,8.0,320.0,127.0,129.0
Olympus D-500L,Olympus,1997,1024.0,640.0,0.0,50.0,150.0,60.0,30.0,2.0,490.0,115.0,449.0
Olympus D-520 Zoom,Olympus,2002,1600.0,1024.0,1.0,35.0,105.0,50.0,20.0,8.0,220.0,112.0,449.0
Olympus D-535 Zoom,Olympus,2004,2048.0,1600.0,3.0,38.0,114.0,50.0,2.0,12.0,190.0,88.0,449.0
Olympus D-540 Zoom,Olympus,2004,2048.0,1600.0,3.0,38.0,114.0,50.0,2.0,16.0,200.0,100.0,449.0
Olympus D-545 Zoom,Olympus,2005,2288.0,1600.0,3.0,38.0,114.0,50.0,2.0,14.0,190.0,106.0,449.0
Olympus D-560 Zoom,Olympus,2003,2048.0,1024.0,3.0,35.0,105.0,50.0,20.0,16.0,220.0,108.0,449.0
Olympus D-580 Zoom,Olympus,2004,2288.0,1600.0,3.0,35.0,105.0,50.0,7.0,16.0,210.0,108.0,179.0
Olympus D-595 Zoom,Olympus,2005,2560.0,1600.0,4.0,38.0,114.0,50.0,2.0,14.0,190.0,105.0,449.0
Olympus D-600L,Olympus,1997,1280.0,640.0,1.0,36.0,110.0,60.0,30.0,4.0,0.0,115.0,1699.0
Olympus D-620L,Olympus,1998,1280.0,640.0,1.0,36.0,110.0,60.0,30.0,8.0,520.0,115.0,1699.0
Olympus D-630 Zoom,Olympus,2005,2560.0,1600.0,4.0,35.0,105.0,60.0,10.0,14.0,175.0,94.0,129.0
Olympus E-1,Olympus,2003,2560.0,1600.0,4.0,0.0,0.0,0.0,0.0,0.0,735.0,141.0,1699.0
Olympus E-10,Olympus,2000,2240.0,1600.0,3.0,35.0,140.0,60.0,20.0,0.0,1190.0,129.0,1699.0
Olympus E-100 RS,Olympus,2000,1368.0,1280.0,1.0,38.0,380.0,60.0,10.0,16.0,603.0,108.0,129.0
Olympus E-20,Olympus,2001,2560.0,1792.0,4.0,35.0,140.0,60.0,20.0,16.0,1190.0,129.0,1699.0
Olympus E-3,Olympus,2007,3648.0,3200.0,10.0,0.0,0.0,0.0,0.0,0.0,800.0,142.0,1699.0
Olympus E-300,Olympus,2004,3264.0,3200.0,8.0,0.0,0.0,0.0,0.0,0.0,624.0,147.0,1699.0
Olympus E-330,Olympus,2006,3136.0,2560.0,7.0,0.0,0.0,0.0,0.0,0.0,616.0,140.0,1699.0
Olympus E-400,Olympus,2006,3648.0,3200.0,10.0,0.0,0.0,0.0,0.0,0.0,435.0,130.0,1699.0
Olympus E-410,Olympus,2007,3648.0,3200.0,10.0,0.0,0.0,0.0,0.0,0.0,435.0,130.0,1699.0
Olympus E-500,Olympus,2005,3264.0,3200.0,8.0,0.0,0.0,0.0,0.0,0.0,479.0,130.0,1699.0
Olympus E-510,Olympus,2007,3648.0,3200.0,10.0,0.0,0.0,0.0,0.0,0.0,490.0,136.0,1699.0
Olympus FE-100,Olympus,2005,2272.0,1600.0,4.0,35.0,106.0,50.0,5.0,28.0,160.0,88.0,129.0
Olympus FE-110,Olympus,2005,2560.0,1600.0,5.0,35.0,106.0,50.0,5.0,28.0,160.0,88.0,129.0
Olympus FE-115,Olympus,2006,2560.0,1600.0,5.0,38.0,106.0,50.0,2.0,28.0,160.0,88.0,129.0
Olympus FE-120,Olympus,2005,2816.0,1600.0,6.0,38.0,114.0,50.0,5.0,14.0,160.0,106.0,129.0
Olympus FE-130,Olympus,2006,2592.0,2048.0,5.0,38.0,114.0,10.0,5.0,22.0,160.0,96.0,129.0
Olympus FE-140,Olympus,2006,2816.0,2048.0,6.0,38.0,114.0,10.0,5.0,22.0,160.0,96.0,129.0
Olympus FE-150,Olympus,2006,2560.0,2048.0,5.0,32.0,96.0,50.0,6.0,9.0,175.0,90.0,129.0
Olympus FE-170,Olympus,2006,2816.0,2048.0,6.0,38.0,114.0,0.0,0.0,10.0,175.0,90.0,129.0
Olympus FE-180,Olympus,2006,2816.0,2048.0,6.0,38.0,114.0,0.0,0.0,10.0,170.0,88.0,179.0
Olympus FE-190,Olympus,2006,2816.0,2048.0,6.0,38.0,114.0,0.0,0.0,22.0,150.0,91.0,129.0
Olympus FE-200,Olympus,2006,2816.0,2048.0,6.0,28.0,140.0,0.0,0.0,24.0,195.0,98.0,129.0
Olympus FE-210,Olympus,2007,3072.0,2048.0,7.0,38.0,114.0,60.0,10.0,9.0,175.0,90.0,129.0
Olympus FE-230,Olympus,2007,3072.0,2048.0,7.0,38.0,114.0,60.0,10.0,20.0,145.0,91.0,129.0
Olympus FE-240,Olympus,2007,3072.0,2048.0,7.0,38.0,190.0,70.0,10.0,20.0,145.0,91.0,129.0
Olympus FE-250,Olympus,2007,3264.0,2048.0,8.0,38.0,105.0,60.0,10.0,20.0,155.0,94.0,129.0
Olympus FE-270,Olympus,2007,3072.0,2048.0,7.0,38.0,114.0,60.0,5.0,6.0,122.0,90.0,129.0
Olympus FE-280,Olympus,2007,3264.0,2048.0,8.0,36.0,108.0,60.0,5.0,48.0,108.0,92.0,179.0
Olympus FE-290,Olympus,2007,3072.0,2048.0,7.0,28.0,112.0,40.0,5.0,6.0,142.0,98.0,129.0
Olympus FE-300,Olympus,2007,4000.0,2048.0,12.0,35.0,105.0,60.0,10.0,48.0,115.0,94.0,129.0
Olympus IR-300,Olympus,2005,2560.0,2048.0,4.0,38.0,114.0,50.0,5.0,15.0,160.0,99.0,129.0
Olympus Stylus 300 ,Olympus,2003,2048.0,1600.0,3.0,35.0,105.0,50.0,20.0,16.0,220.0,99.0,229.0
Olympus Stylus 400 ,Olympus,2003,2272.0,2048.0,3.0,35.0,105.0,50.0,20.0,16.0,220.0,99.0,229.0
Olympus SP-310,Olympus,2005,3072.0,2592.0,7.0,38.0,114.0,20.0,5.0,32.0,230.0,100.0,449.0
Olympus SP-320,Olympus,2006,3072.0,2592.0,7.0,38.0,114.0,20.0,2.0,25.0,230.0,100.0,449.0
Olympus SP-350,Olympus,2005,3264.0,2592.0,8.0,38.0,114.0,20.0,5.0,32.0,245.0,100.0,449.0
Olympus SP-500 UZ,Olympus,2005,2816.0,2592.0,6.0,38.0,380.0,60.0,3.0,10.0,385.0,106.0,449.0
Olympus SP-510 UZ,Olympus,2006,3072.0,2560.0,7.0,38.0,380.0,60.0,3.0,0.0,410.0,106.0,449.0
Olympus SP-550 UZ,Olympus,2007,3072.0,2560.0,7.0,28.0,504.0,10.0,1.0,20.0,460.0,116.0,449.0
Olympus SP-560 UZ,Olympus,2007,3264.0,2560.0,8.0,27.0,486.0,10.0,1.0,47.0,365.0,116.0,449.0
Olympus SP-700,Olympus,2005,2816.0,2288.0,6.0,38.0,114.0,30.0,10.0,11.0,180.0,98.0,449.0
Olympus Stylus 1000,Olympus,2006,3648.0,2560.0,10.0,35.0,105.0,60.0,10.0,0.0,195.0,97.0,229.0
Olympus Stylus 1200,Olympus,2007,4000.0,3264.0,12.0,35.0,105.0,60.0,10.0,47.0,125.0,98.0,249.0
Olympus Stylus 410 ,Olympus,2004,2272.0,2048.0,3.0,35.0,105.0,50.0,20.0,16.0,200.0,99.0,229.0
Olympus Stylus 500 ,Olympus,2004,2560.0,2048.0,4.0,35.0,105.0,50.0,7.0,32.0,200.0,99.0,229.0
Olympus Stylus 600 ,Olympus,2005,2816.0,2560.0,6.0,35.0,105.0,50.0,7.0,8.0,195.0,97.0,229.0
Olympus Stylus 700 ,Olympus,2006,3072.0,2560.0,7.0,37.0,111.0,60.0,8.0,19.0,140.0,95.0,229.0
Olympus Stylus 720 SW ,Olympus,2006,3072.0,2560.0,7.0,37.0,111.0,60.0,8.0,19.0,190.0,95.0,299.0
Olympus Stylus 725 SW,Olympus,2006,3072.0,2560.0,7.0,38.0,114.0,60.0,2.0,19.0,190.0,91.0,299.0
Olympus Stylus 730,Olympus,2006,3072.0,2560.0,7.0,38.0,114.0,50.0,7.0,22.0,190.0,96.0,229.0
Olympus Stylus 740,Olympus,2006,3072.0,2560.0,7.0,36.0,180.0,70.0,3.0,17.0,160.0,96.0,229.0
Olympus Stylus 750,Olympus,2006,3072.0,2560.0,7.0,36.0,180.0,70.0,3.0,17.0,170.0,96.0,229.0
Olympus Stylus 760,Olympus,2007,3072.0,2560.0,7.0,37.0,111.0,60.0,8.0,18.0,160.0,99.0,229.0
Olympus Stylus 770 SW,Olympus,2007,3072.0,2560.0,7.0,38.0,114.0,50.0,7.0,18.0,195.0,92.0,299.0
Olympus Stylus 780,Olympus,2007,3072.0,2560.0,7.0,36.0,180.0,70.0,3.0,18.0,195.0,100.0,299.0
Olympus Stylus 790 SW,Olympus,2007,3072.0,2560.0,7.0,38.0,114.0,50.0,7.0,14.0,155.0,92.0,299.0
Olympus Stylus 800 ,Olympus,2005,3264.0,2560.0,8.0,38.0,114.0,50.0,3.0,19.0,200.0,103.0,249.0
Olympus Stylus 810 ,Olympus,2006,3264.0,2560.0,8.0,35.0,105.0,60.0,10.0,28.0,185.0,97.0,249.0
Olympus Stylus 820,Olympus,2007,3264.0,2560.0,8.0,36.0,180.0,70.0,3.0,47.0,125.0,96.0,249.0
Olympus Stylus 830,Olympus,2007,3248.0,2560.0,8.0,36.0,180.0,70.0,3.0,14.0,125.0,100.0,249.0
Olympus Stylus Verve ,Olympus,2004,2272.0,2048.0,3.0,35.0,70.0,50.0,8.0,16.0,165.0,95.0,229.0
Olympus Stylus Verve  S,Olympus,2005,2560.0,2048.0,4.0,35.0,70.0,50.0,8.0,16.0,165.0,95.0,299.0
Panasonic Lumix DMC-F7,Panasonic,2001,1600.0,800.0,1.0,35.0,70.0,50.0,10.0,8.0,200.0,104.0,1499.0
Panasonic Lumix DMC-FX01,Panasonic,2006,2816.0,2048.0,6.0,28.0,102.0,50.0,5.0,16.0,155.0,94.0,1499.0
Panasonic Lumix DMC-FX07,Panasonic,2006,3072.0,2560.0,7.0,28.0,102.0,50.0,5.0,0.0,170.0,94.0,1499.0
Panasonic Lumix DMC-FX1,Panasonic,2003,2048.0,1600.0,3.0,35.0,105.0,50.0,10.0,16.0,185.0,0.0,1499.0
Panasonic Lumix DMC-FX10,Panasonic,2007,2816.0,2048.0,6.0,35.0,105.0,50.0,5.0,27.0,155.0,94.0,1499.0
Panasonic Lumix DMC-FX100,Panasonic,2007,4000.0,3264.0,12.0,28.0,100.0,50.0,5.0,27.0,150.0,54.0,1499.0
Panasonic Lumix DMC-FX12,Panasonic,2007,3072.0,2560.0,7.0,35.0,105.0,50.0,5.0,27.0,155.0,94.0,1499.0
Panasonic Lumix DMC-FX2,Panasonic,2004,2304.0,1600.0,4.0,35.0,105.0,50.0,5.0,16.0,148.0,94.0,1499.0
Panasonic Lumix DMC-FX3,Panasonic,2006,2816.0,2048.0,6.0,35.0,105.0,50.0,5.0,13.0,165.0,94.0,299.0
Panasonic Lumix DMC-FX30,Panasonic,2007,3072.0,2560.0,7.0,28.0,100.0,50.0,5.0,27.0,162.0,95.0,299.0
Panasonic Lumix DMC-FX33,Panasonic,2007,3264.0,2560.0,8.0,28.0,100.0,50.0,5.0,27.0,154.0,95.0,299.0
Panasonic Lumix DMC-FX5,Panasonic,2003,2304.0,1600.0,4.0,35.0,105.0,50.0,10.0,16.0,185.0,0.0,1499.0
Panasonic Lumix DMC-FX50,Panasonic,2006,3072.0,2560.0,7.0,28.0,102.0,50.0,5.0,0.0,190.0,98.0,1499.0
Panasonic Lumix DMC-FX55,Panasonic,2007,3264.0,2560.0,8.0,28.0,100.0,50.0,5.0,27.0,165.0,95.0,1499.0
Panasonic Lumix DMC-FX7,Panasonic,2004,2560.0,2048.0,4.0,35.0,105.0,50.0,5.0,16.0,153.0,94.0,1499.0
Panasonic Lumix DMC-FX8,Panasonic,2005,2560.0,2560.0,5.0,35.0,105.0,50.0,5.0,16.0,155.0,94.0,1499.0
Panasonic Lumix DMC-FX9,Panasonic,2005,2816.0,2048.0,6.0,35.0,105.0,50.0,5.0,16.0,155.0,94.0,1499.0
Panasonic Lumix DMC-FZ1,Panasonic,2002,1600.0,1280.0,2.0,35.0,420.0,30.0,3.0,8.0,354.0,125.0,149.0
Panasonic Lumix DMC-FZ10,Panasonic,2003,2304.0,1600.0,4.0,35.0,420.0,30.0,5.0,16.0,550.0,87.0,149.0
Panasonic Lumix DMC-FZ18,Panasonic,2007,3264.0,2560.0,8.0,28.0,504.0,30.0,1.0,27.0,407.0,118.0,149.0
Panasonic Lumix DMC-FZ2,Panasonic,2003,1600.0,1280.0,2.0,35.0,420.0,30.0,5.0,0.0,350.0,114.0,149.0
Panasonic Lumix DMC-FZ20,Panasonic,2004,2560.0,2048.0,5.0,36.0,432.0,30.0,5.0,16.0,556.0,87.0,149.0
Panasonic Lumix DMC-FZ3,Panasonic,2004,2016.0,1600.0,3.0,35.0,420.0,30.0,5.0,16.0,326.0,108.0,299.0
Panasonic Lumix DMC-FZ30,Panasonic,2005,3264.0,2560.0,8.0,35.0,420.0,30.0,5.0,32.0,740.0,141.0,299.0
Panasonic Lumix DMC-FZ4,Panasonic,2005,2304.0,1600.0,4.0,35.0,420.0,50.0,5.0,8.0,326.0,102.0,149.0
Panasonic Lumix DMC-FZ5,Panasonic,2005,2560.0,2048.0,4.0,36.0,432.0,50.0,5.0,16.0,326.0,108.0,149.0
Panasonic Lumix DMC-FZ50,Panasonic,2006,3648.0,3264.0,10.0,35.0,420.0,30.0,5.0,32.0,734.0,141.0,149.0
Panasonic Lumix DMC-FZ7,Panasonic,2006,2816.0,2304.0,6.0,36.0,432.0,30.0,5.0,16.0,340.0,113.0,149.0
Panasonic Lumix DMC-FZ8,Panasonic,2007,3072.0,2560.0,7.0,36.0,432.0,30.0,5.0,27.0,340.0,113.0,149.0
Panasonic Lumix DMC-L1,Panasonic,2006,3136.0,2560.0,7.0,0.0,0.0,0.0,0.0,0.0,606.0,146.0,1499.0
Panasonic Lumix DMC-L10,Panasonic,2007,3648.0,2816.0,10.0,0.0,0.0,0.0,0.0,0.0,556.0,135.0,1499.0
Panasonic Lumix DMC-LC1,Panasonic,2004,2560.0,2048.0,4.0,28.0,90.0,30.0,30.0,16.0,705.0,135.0,1499.0
Panasonic Lumix DMC-LC20,Panasonic,2002,1600.0,1024.0,1.0,35.0,105.0,50.0,15.0,8.0,290.0,99.0,1499.0
Panasonic Lumix DMC-LC33,Panasonic,2003,2048.0,1600.0,3.0,35.0,105.0,50.0,10.0,32.0,215.0,96.0,1499.0
Panasonic Lumix DMC-LC40,Panasonic,2002,2240.0,1600.0,3.0,33.0,100.0,30.0,6.0,16.0,420.0,104.0,1499.0
Panasonic Lumix DMC-LC43,Panasonic,2003,2304.0,1600.0,4.0,35.0,105.0,50.0,10.0,32.0,215.0,96.0,1499.0
Panasonic Lumix DMC-LC5,Panasonic,2001,2240.0,1600.0,3.0,33.0,100.0,30.0,6.0,32.0,435.0,128.0,1499.0
Panasonic Lumix DMC-LC50,Panasonic,2004,2048.0,1600.0,3.0,35.0,105.0,50.0,10.0,16.0,210.0,65.0,1499.0
Panasonic Lumix DMC-LC70,Panasonic,2004,2304.0,1600.0,4.0,35.0,105.0,50.0,10.0,16.0,210.0,65.0,1499.0
Panasonic Lumix DMC-LC80,Panasonic,2004,2560.0,2048.0,4.0,35.0,105.0,50.0,10.0,16.0,207.0,88.0,1499.0
Panasonic Lumix DMC-LS1,Panasonic,2005,2304.0,1600.0,4.0,35.0,105.0,50.0,5.0,14.0,188.0,94.0,1499.0
Panasonic Lumix DMC-LS2,Panasonic,2006,2560.0,2048.0,5.0,35.0,105.0,50.0,5.0,14.0,188.0,111.0,1499.0
Panasonic Lumix DMC-LS60,Panasonic,2007,2816.0,2048.0,6.0,35.0,105.0,50.0,5.0,27.0,188.0,94.0,149.0
Panasonic Lumix DMC-LS75,Panasonic,2007,3072.0,2560.0,7.0,35.0,105.0,50.0,5.0,27.0,188.0,94.0,1499.0
Panasonic Lumix DMC-LX1,Panasonic,2005,3840.0,3072.0,8.0,28.0,112.0,50.0,5.0,32.0,220.0,106.0,1499.0
Panasonic Lumix DMC-LX2,Panasonic,2006,4224.0,3840.0,10.0,28.0,112.0,50.0,5.0,13.0,220.0,106.0,1499.0
Panasonic Lumix DMC-LZ1,Panasonic,2005,2304.0,1600.0,4.0,37.0,222.0,50.0,5.0,14.0,224.0,101.0,149.0
Panasonic Lumix DMC-LZ2,Panasonic,2005,2560.0,2048.0,5.0,37.0,222.0,50.0,5.0,14.0,224.0,101.0,149.0
Panasonic Lumix DMC-LZ3,Panasonic,2006,2560.0,2048.0,5.0,37.0,222.0,50.0,5.0,14.0,230.0,100.0,149.0
Panasonic Lumix DMC-LZ5,Panasonic,2006,2816.0,2048.0,6.0,37.0,222.0,50.0,5.0,14.0,230.0,100.0,149.0
Panasonic Lumix DMC-LZ6,Panasonic,2007,3072.0,2560.0,7.0,37.0,222.0,50.0,5.0,27.0,230.0,99.0,149.0
Panasonic Lumix DMC-LZ7,Panasonic,2007,3072.0,2560.0,7.0,37.0,222.0,50.0,5.0,27.0,234.0,99.0,149.0
Panasonic Lumix DMC-TZ1,Panasonic,2006,2560.0,2048.0,4.0,35.0,350.0,40.0,5.0,13.0,250.0,112.0,299.0
Panasonic Lumix DMC-TZ2,Panasonic,2007,2816.0,2048.0,6.0,28.0,280.0,50.0,5.0,13.0,260.0,105.0,299.0
Panasonic Lumix DMC-TZ3,Panasonic,2007,3072.0,2560.0,7.0,28.0,280.0,50.0,5.0,13.0,280.0,105.0,299.0
Pentax EI-100,Pentax,2001,1280.0,640.0,1.0,42.0,42.0,60.0,30.0,8.0,240.0,105.0,509.0
Pentax EI-200,Pentax,2000,1600.0,800.0,1.0,34.0,108.0,50.0,10.0,16.0,390.0,128.0,509.0
Pentax EI-2000,Pentax,2000,1600.0,800.0,1.0,34.0,108.0,50.0,10.0,16.0,630.0,144.0,509.0
Pentax *ist D,Pentax,2003,3008.0,2400.0,6.0,0.0,0.0,0.0,0.0,0.0,650.0,129.0,799.0
Pentax *ist DL,Pentax,2005,3008.0,2400.0,6.0,0.0,0.0,0.0,0.0,0.0,565.0,125.0,799.0
Pentax *ist DL2,Pentax,2006,3008.0,2400.0,6.0,0.0,0.0,0.0,0.0,0.0,565.0,125.0,799.0
Pentax *ist DS,Pentax,2004,3008.0,2400.0,6.0,0.0,0.0,0.0,0.0,0.0,605.0,125.0,799.0
Pentax *ist DS2,Pentax,2005,3008.0,2400.0,6.0,0.0,0.0,0.0,0.0,0.0,605.0,125.0,799.0
Pentax K100D,Pentax,2006,3008.0,2400.0,6.0,0.0,0.0,0.0,0.0,0.0,660.0,129.0,509.0
Pentax K100D Super,Pentax,2007,3008.0,2400.0,6.0,0.0,0.0,0.0,0.0,0.0,646.0,129.0,509.0
Pentax K10D,Pentax,2006,3872.0,3008.0,10.0,0.0,0.0,0.0,0.0,0.0,793.0,142.0,799.0
Pentax K110D,Pentax,2006,3008.0,2400.0,6.0,0.0,0.0,0.0,0.0,0.0,585.0,129.0,509.0
Pentax Optio 230,Pentax,2002,1600.0,1024.0,1.0,38.0,114.0,50.0,10.0,16.0,230.0,104.0,269.0
Pentax Optio 30,Pentax,2004,2048.0,1600.0,3.0,38.0,114.0,50.0,2.0,16.0,180.0,94.0,149.0
Pentax Optio 330,Pentax,2001,2048.0,1024.0,3.0,37.0,111.0,40.0,14.0,16.0,240.0,92.0,269.0
Pentax Optio 330GS,Pentax,2002,2048.0,1600.0,3.0,38.0,114.0,4.0,5.0,16.0,230.0,104.0,269.0
Pentax Optio 330RS,Pentax,2002,2048.0,1024.0,3.0,37.0,111.0,40.0,14.0,16.0,240.0,92.0,269.0
Pentax Optio 33L,Pentax,2003,2048.0,1600.0,3.0,38.0,114.0,40.0,10.0,16.0,225.0,105.0,269.0
Pentax Optio 33LF,Pentax,2003,2048.0,1600.0,3.0,38.0,114.0,40.0,10.0,12.0,225.0,109.0,269.0
Pentax Optio 33WR,Pentax,2003,2048.0,1600.0,3.0,37.0,104.0,30.0,1.0,16.0,208.0,82.0,269.0
Pentax Optio 430,Pentax,2001,2240.0,1120.0,3.0,37.0,111.0,40.0,14.0,16.0,240.0,92.0,269.0
Pentax Optio 430RS,Pentax,2002,2240.0,1120.0,3.0,37.0,111.0,40.0,14.0,16.0,240.0,92.0,269.0
Pentax Optio 43WR,Pentax,2004,2288.0,1600.0,3.0,37.0,104.0,30.0,1.0,16.0,200.0,82.0,269.0
Pentax Optio 450,Pentax,2003,2288.0,1600.0,3.0,37.0,187.0,60.0,2.0,16.0,250.0,100.0,149.0
Pentax Optio 50,Pentax,2005,2560.0,2048.0,4.0,32.0,96.0,50.0,6.0,12.0,180.0,91.0,149.0
Pentax Optio 550,Pentax,2003,2592.0,2048.0,5.0,37.0,187.0,60.0,2.0,16.0,250.0,100.0,149.0
Pentax Optio 555,Pentax,2003,2592.0,2048.0,5.0,37.0,187.0,60.0,2.0,16.0,250.0,100.0,149.0
Pentax Optio 60,Pentax,2005,2848.0,2272.0,6.0,36.0,108.0,50.0,5.0,12.0,200.0,91.0,149.0
Pentax Optio 750Z,Pentax,2004,3056.0,2592.0,7.0,37.0,187.0,60.0,2.0,32.0,255.0,100.0,149.0
Pentax Optio A10,Pentax,2006,3264.0,2592.0,8.0,38.0,114.0,35.0,6.0,24.0,145.0,89.0,249.0
Pentax Optio A20,Pentax,2006,3648.0,3072.0,10.0,38.0,114.0,35.0,6.0,22.0,145.0,89.0,149.0
Pentax Optio A30,Pentax,2007,3648.0,3072.0,10.0,38.0,114.0,35.0,6.0,22.0,145.0,89.0,269.0
Pentax Optio E10,Pentax,2006,2816.0,2272.0,6.0,34.0,102.0,50.0,5.0,10.0,180.0,87.0,149.0
Pentax Optio E20,Pentax,2006,2816.0,2272.0,6.0,34.0,102.0,50.0,5.0,13.0,180.0,90.0,149.0
Pentax Optio E30,Pentax,2007,3072.0,2592.0,7.0,36.0,108.0,50.0,15.0,11.0,190.0,95.0,149.0
Pentax Optio E40,Pentax,2007,3264.0,2592.0,8.0,37.0,112.0,40.0,15.0,10.0,175.0,94.0,149.0
Pentax Optio M10,Pentax,2006,2816.0,2560.0,6.0,35.0,105.0,70.0,10.0,22.0,170.0,89.0,249.0
Pentax Optio M20,Pentax,2006,3072.0,2560.0,7.0,38.0,114.0,40.0,5.0,22.0,180.0,94.0,149.0
Pentax Optio M30,Pentax,2007,3072.0,2592.0,7.0,38.0,114.0,40.0,10.0,22.0,120.0,97.0,269.0
Pentax Optio M40,Pentax,2007,3264.0,2592.0,8.0,36.0,108.0,40.0,5.0,21.0,136.0,97.0,149.0
Pentax Optio MX4,Pentax,2004,2304.0,1600.0,4.0,37.0,370.0,40.0,10.0,16.0,375.0,73.0,149.0
Pentax Optio S,Pentax,2003,2048.0,1024.0,3.0,35.0,105.0,40.0,6.0,16.0,115.0,83.0,149.0
Pentax Optio S10,Pentax,2007,3648.0,3072.0,10.0,38.0,114.0,35.0,6.0,22.0,116.0,86.0,249.0
Pentax Optio S30,Pentax,2004,2048.0,1600.0,3.0,38.0,114.0,40.0,6.0,11.0,175.0,89.0,269.0
Pentax Optio S4,Pentax,2003,2304.0,1600.0,4.0,35.0,105.0,40.0,6.0,11.0,115.0,83.0,149.0
Pentax Optio S40,Pentax,2004,2304.0,1600.0,4.0,35.0,105.0,40.0,6.0,11.0,175.0,89.0,149.0
Pentax Optio S45,Pentax,2005,2304.0,1600.0,4.0,35.0,107.0,40.0,6.0,11.0,155.0,89.0,149.0
Pentax Optio S4i,Pentax,2004,2304.0,1600.0,4.0,35.0,105.0,40.0,6.0,10.0,120.0,84.0,149.0
Pentax Optio S50,Pentax,2004,2560.0,2304.0,5.0,35.0,107.0,40.0,6.0,11.0,180.0,89.0,149.0
Pentax Optio S55,Pentax,2005,2560.0,2304.0,5.0,35.0,107.0,40.0,6.0,11.0,155.0,89.0,149.0
Pentax Optio S5i,Pentax,2004,2560.0,2048.0,4.0,36.0,107.0,40.0,6.0,10.0,120.0,84.0,149.0
Pentax Optio S5n,Pentax,2005,2560.0,2304.0,4.0,35.0,107.0,40.0,6.0,9.0,120.0,84.0,149.0
Pentax Optio S5z,Pentax,2005,2560.0,2304.0,5.0,35.0,107.0,40.0,6.0,9.0,120.0,83.0,149.0
Pentax Optio S6,Pentax,2005,2816.0,2560.0,6.0,37.0,112.0,40.0,15.0,23.0,120.0,86.0,149.0
Pentax Optio S60,Pentax,2005,2816.0,2560.0,6.0,35.0,106.0,40.0,6.0,11.0,135.0,89.0,149.0
Pentax Optio S7,Pentax,2006,3072.0,2592.0,7.0,37.0,112.0,40.0,15.0,23.0,120.0,86.0,149.0
Pentax Optio SV,Pentax,2004,2560.0,2048.0,5.0,36.0,180.0,60.0,3.0,32.0,165.0,91.0,149.0
Pentax Optio SVi,Pentax,2005,2560.0,2048.0,5.0,36.0,180.0,60.0,3.0,32.0,165.0,91.0,149.0
Pentax Optio T10,Pentax,2006,2816.0,2592.0,6.0,37.0,112.0,40.0,15.0,12.0,155.0,95.0,249.0
Pentax Optio T20,Pentax,2006,3072.0,2592.0,7.0,37.0,112.0,40.0,15.0,12.0,155.0,95.0,149.0
Pentax Optio T30,Pentax,2007,3072.0,2592.0,7.0,38.0,112.0,40.0,15.0,20.0,155.0,95.0,269.0
Pentax Optio W10,Pentax,2006,2816.0,2560.0,6.0,38.0,114.0,40.0,1.0,10.0,160.0,107.0,269.0
Pentax Optio W20,Pentax,2006,3072.0,2560.0,7.0,38.0,114.0,40.0,1.0,21.0,150.0,107.0,269.0
Pentax Optio W30,Pentax,2007,3072.0,2560.0,7.0,38.0,114.0,40.0,1.0,21.0,155.0,108.0,269.0
Pentax Optio WP,Pentax,2005,2560.0,2304.0,4.0,38.0,114.0,40.0,1.0,10.0,135.0,102.0,269.0
Pentax Optio WPi,Pentax,2005,2816.0,2560.0,6.0,38.0,114.0,40.0,1.0,10.0,135.0,102.0,269.0
Pentax Optio X,Pentax,2004,2560.0,2048.0,5.0,36.0,107.0,40.0,6.0,14.0,145.0,112.0,149.0
Pentax Optio Z10,Pentax,2007,3264.0,2592.0,8.0,38.0,266.0,40.0,8.0,0.0,0.0,94.0,249.0
Ricoh Caplio 500G,Ricoh,2006,3264.0,2592.0,8.0,28.0,85.0,30.0,1.0,26.0,450.0,133.0,229.0
Ricoh Caplio R1V,Ricoh,2005,2560.0,2048.0,4.0,28.0,135.0,30.0,1.0,12.0,195.0,100.0,99.0
Ricoh Caplio R2,Ricoh,2005,2560.0,2048.0,4.0,28.0,135.0,30.0,1.0,28.0,195.0,100.0,99.0
Ricoh Caplio R3,Ricoh,2005,2560.0,2048.0,4.0,28.0,200.0,30.0,1.0,26.0,165.0,95.0,99.0
Ricoh Caplio R30,Ricoh,2006,2560.0,2048.0,4.0,28.0,160.0,30.0,1.0,28.0,180.0,95.0,99.0
Ricoh Caplio R4,Ricoh,2006,2816.0,2048.0,6.0,28.0,200.0,30.0,1.0,26.0,165.0,95.0,99.0
Ricoh Caplio R40,Ricoh,2006,2816.0,2048.0,6.0,28.0,160.0,30.0,1.0,26.0,165.0,95.0,199.0
Ricoh Caplio R5,Ricoh,2006,3072.0,2592.0,7.0,28.0,200.0,30.0,1.0,26.0,165.0,96.0,99.0
Ricoh Caplio R6,Ricoh,2007,3072.0,2592.0,7.0,28.0,200.0,30.0,1.0,54.0,165.0,100.0,99.0
Ricoh Caplio R7,Ricoh,2007,3264.0,3264.0,8.0,28.0,200.0,30.0,1.0,24.0,135.0,100.0,99.0
Ricoh Caplio RR530,Ricoh,2005,2560.0,2048.0,4.0,32.0,96.0,30.0,1.0,12.0,190.0,91.0,399.0
Ricoh Caplio RR630,Ricoh,2006,2816.0,2048.0,6.0,36.0,108.0,50.0,6.0,12.0,200.0,91.0,399.0
Ricoh Caplio G3,Ricoh,2003,2048.0,1280.0,3.0,35.0,105.0,30.0,1.0,8.0,230.0,124.0,99.0
Ricoh GR Digital,Ricoh,2005,3264.0,2592.0,8.0,28.0,28.0,30.0,2.0,26.0,200.0,107.0,4999.0
Ricoh Caplio GX100,Ricoh,2007,3648.0,3264.0,10.0,24.0,72.0,30.0,1.0,26.0,260.0,112.0,399.0
Ricoh Caplio GX8,Ricoh,2005,3264.0,2592.0,8.0,28.0,85.0,30.0,1.0,26.0,260.0,114.0,99.0
Ricoh RDC-200G,Ricoh,2000,1792.0,1280.0,2.0,38.0,114.0,4.0,4.0,8.0,500.0,144.0,399.0
Ricoh RDC-4300,Ricoh,1998,1280.0,640.0,1.0,35.0,105.0,40.0,8.0,4.0,320.0,135.0,149.0
Ricoh RDC-5000,Ricoh,1999,1792.0,896.0,2.0,38.0,86.0,40.0,4.0,8.0,340.0,131.0,149.0
Ricoh RDC-5300,Ricoh,1999,1792.0,896.0,2.0,38.0,114.0,40.0,4.0,8.0,380.0,131.0,177.0
Ricoh RDC-6000,Ricoh,2000,1600.0,800.0,1.0,40.0,40.0,30.0,13.0,8.0,300.0,110.0,149.0
Ricoh RDC-7,Ricoh,2000,2048.0,1024.0,3.0,35.0,105.0,24.0,1.0,8.0,320.0,135.0,1699.0
Ricoh RDC-i500,Ricoh,2001,2048.0,1024.0,3.0,35.0,105.0,24.0,1.0,8.0,320.0,142.0,4999.0
Ricoh RDC-i700,Ricoh,2000,2048.0,1024.0,3.0,35.0,105.0,24.0,1.0,8.0,450.0,157.0,149.0
Ricoh Caplio RR1,Ricoh,2001,2272.0,1120.0,3.0,35.0,105.0,24.0,1.0,8.0,340.0,135.0,99.0
Ricoh Caplio RX,Ricoh,2004,2048.0,1280.0,3.0,28.0,100.0,30.0,1.0,8.0,215.0,112.0,99.0
Samsung Digimax A50,Samsung,2005,2592.0,2272.0,5.0,35.0,105.0,80.0,5.0,11.0,185.0,107.0,229.0
Samsung Digimax A502,Samsung,2005,2592.0,2272.0,5.0,31.0,31.0,100.0,2.0,16.0,175.0,97.0,229.0
Samsung Digimax A55W,Samsung,2005,2592.0,2272.0,5.0,28.0,135.0,60.0,1.0,32.0,185.0,106.0,229.0
Samsung Digimax 130,Samsung,2002,1280.0,640.0,1.0,43.0,43.0,80.0,40.0,8.0,250.0,106.0,299.0
Samsung Digimax 202,Samsung,2004,1600.0,1024.0,1.0,35.0,47.0,120.0,19.0,6.0,135.0,98.0,229.0
Samsung Digimax 230,Samsung,2002,1600.0,1024.0,1.0,33.0,100.0,80.0,20.0,0.0,0.0,0.0,229.0
Samsung Digimax 250,Samsung,2004,1600.0,1024.0,1.0,35.0,76.0,80.0,15.0,6.0,210.0,107.0,229.0
Samsung Digimax 301,Samsung,2004,2048.0,1600.0,3.0,35.0,33.0,10.0,19.0,16.0,137.0,98.0,299.0
Samsung Digimax 350SE,Samsung,2002,2048.0,1024.0,3.0,34.0,102.0,80.0,20.0,0.0,320.0,114.0,229.0
Samsung Digimax 370,Samsung,2004,2048.0,1620.0,3.0,35.0,114.0,80.0,5.0,0.0,157.0,108.0,229.0
Samsung Digimax 401,Samsung,2004,2048.0,1600.0,4.0,35.0,33.0,10.0,19.0,16.0,137.0,98.0,299.0
Samsung Digimax 410,Samsung,2002,2272.0,1600.0,3.0,34.0,102.0,80.0,20.0,0.0,340.0,116.0,229.0
Samsung Digimax 430,Samsung,2004,2272.0,2048.0,3.0,35.0,114.0,80.0,5.0,32.0,210.0,107.0,229.0
Samsung Digimax 530,Samsung,2004,2592.0,2048.0,5.0,38.0,114.0,80.0,6.0,32.0,195.0,110.0,229.0
Samsung Digimax V4,Samsung,2003,2272.0,1120.0,3.0,38.0,114.0,80.0,6.0,0.0,210.0,106.0,229.0
Samsung GX-10,Samsung,2006,3872.0,3008.0,10.0,0.0,0.0,0.0,0.0,0.0,793.0,142.0,199.0
Samsung GX-1L,Samsung,2006,3008.0,2400.0,6.0,0.0,0.0,0.0,0.0,0.0,570.0,125.0,299.0
Samsung GX-1S,Samsung,2006,3008.0,2400.0,6.0,0.0,0.0,0.0,0.0,0.0,605.0,125.0,299.0
Samsung Digimax i5,Samsung,2005,2595.0,2272.0,5.0,39.0,117.0,50.0,5.0,50.0,155.0,90.0,229.0
Samsung Digimax i6,Samsung,2006,2816.0,2592.0,6.0,39.0,117.0,50.0,1.0,45.0,0.0,96.0,229.0
Samsung i7,Samsung,2007,3072.0,2592.0,7.0,38.0,114.0,80.0,5.0,450.0,210.0,101.0,119.0
Samsung i70,Samsung,2007,3072.0,2592.0,7.0,38.0,114.0,80.0,5.0,20.0,180.0,90.0,199.0
Samsung i85,Samsung,2007,3264.0,2592.0,8.0,36.0,108.0,80.0,5.0,173.0,0.0,95.0,149.0
Samsung L83T,Samsung,2007,3264.0,2592.0,8.0,38.0,114.0,80.0,5.0,19.0,160.0,93.0,229.0
Samsung L700,Samsung,2007,3072.0,2592.0,7.0,35.0,105.0,80.0,5.0,20.0,170.0,97.0,199.0
Samsung L73,Samsung,2007,3072.0,2592.0,7.0,35.0,105.0,80.0,5.0,19.0,180.0,98.0,119.0
Samsung L730,Samsung,2007,3264.0,2592.0,7.0,38.0,114.0,80.0,10.0,16.0,183.0,95.0,99.0
Samsung L74 Wide,Samsung,2007,3072.0,2592.0,7.0,28.0,101.0,80.0,5.0,450.0,210.0,105.0,119.0
Samsung L77,Samsung,2007,3072.0,2592.0,7.0,38.0,266.0,80.0,10.0,0.0,0.0,94.0,119.0
Samsung L830,Samsung,2007,3264.0,2592.0,8.0,38.0,114.0,80.0,5.0,10.0,183.0,95.0,99.0
Samsung NV10,Samsung,2006,3648.0,3136.0,10.0,35.0,105.0,80.0,4.0,20.0,190.0,97.0,229.0
Samsung NV11,Samsung,2007,3648.0,3136.0,10.0,35.0,190.0,80.0,1.0,0.0,240.0,107.0,229.0
Samsung NV15,Samsung,2007,3648.0,2592.0,10.0,34.0,102.0,80.0,4.0,20.0,0.0,97.0,229.0
Samsung NV20,Samsung,2007,4000.0,2592.0,12.0,34.0,102.0,80.0,4.0,20.0,0.0,97.0,229.0
Samsung NV3,Samsung,2006,3072.0,2816.0,7.0,38.0,114.0,80.0,1.0,15.0,155.0,95.0,229.0
Samsung NV7 OPS,Samsung,2006,3072.0,2688.0,7.0,38.0,270.0,80.0,1.0,19.0,290.0,106.0,229.0
Samsung NV8,Samsung,2007,3264.0,2592.0,8.0,34.0,102.0,80.0,4.0,20.0,0.0,97.0,229.0
Samsung Pro815,Samsung,2005,3264.0,2400.0,8.0,28.0,420.0,10.0,3.0,0.0,910.0,136.0,299.0
Samsung S1030,Samsung,2007,3648.0,3476.0,10.0,35.0,105.0,80.0,4.0,45.0,220.0,100.0,199.0
Samsung S1050,Samsung,2007,3648.0,3476.0,10.0,38.0,190.0,80.0,1.0,45.0,254.0,105.0,199.0
Samsung S630,Samsung,2007,2816.0,2048.0,6.0,35.0,105.0,80.0,5.0,16.0,186.0,100.0,99.0
Samsung S730,Samsung,2007,3072.0,2592.0,7.0,35.0,105.0,80.0,5.0,16.0,186.0,100.0,99.0
Samsung S830,Samsung,2007,3264.0,3072.0,8.0,35.0,105.0,80.0,4.0,45.0,220.0,100.0,99.0
Samsung S85,Samsung,2007,3264.0,2592.0,8.0,38.0,190.0,80.0,1.0,20.0,204.0,100.0,149.0
Samsung S850,Samsung,2007,3264.0,2592.0,8.0,38.0,190.0,80.0,1.0,20.0,222.0,104.0,149.0
Samsung Digimax U-CA 3,Samsung,2003,2048.0,2048.0,3.0,35.0,114.0,80.0,5.0,0.0,134.0,102.0,229.0
Samsung Digimax U-CA 4,Samsung,2004,2272.0,2048.0,4.0,35.0,105.0,80.0,5.0,0.0,169.0,102.0,229.0
Samsung Digimax U-CA 401,Samsung,2004,2272.0,1136.0,3.0,35.0,35.0,60.0,6.0,0.0,165.0,97.0,229.0
Samsung Digimax V40,Samsung,2004,2272.0,2048.0,3.0,35.0,113.0,80.0,5.0,0.0,230.0,106.0,229.0
Samsung Digimax V5,Samsung,2004,2592.0,2272.0,5.0,38.0,114.0,80.0,5.0,0.0,180.0,106.0,229.0
Samsung Digimax V50,Samsung,2004,2592.0,2272.0,5.0,35.0,113.0,80.0,5.0,256.0,230.0,106.0,229.0
Samsung Digimax V6,Samsung,2004,2816.0,2560.0,6.0,38.0,114.0,80.0,6.0,0.0,220.0,106.0,229.0
Samsung Digimax V700,Samsung,2005,3072.0,2816.0,7.0,38.0,114.0,80.0,4.0,128.0,220.0,106.0,229.0
Samsung Digimax V800,Samsung,2005,3264.0,2816.0,8.0,38.0,114.0,80.0,4.0,32.0,220.0,106.0,229.0
Sanyo DSC-AZ1,Sanyo,2001,2288.0,1600.0,3.0,35.0,98.0,50.0,10.0,16.0,340.0,106.0,429.0
Sanyo DSC-J1,Sanyo,2003,2048.0,1600.0,3.0,37.0,104.0,20.0,2.0,8.0,205.0,98.0,429.0
Sanyo DSC-S1,Sanyo,2003,2048.0,1600.0,3.0,36.0,108.0,50.0,16.0,8.0,190.0,100.0,149.0
Sanyo Xacti DSC-S3,Sanyo,2004,2048.0,1600.0,3.0,37.0,112.0,50.0,2.0,16.0,185.0,91.0,1399.0
Sanyo Xacti DSC-S4,Sanyo,2004,2288.0,1600.0,3.0,37.0,105.0,50.0,2.0,16.0,185.0,91.0,1399.0
Sanyo DSC-MZ1,Sanyo,2001,1600.0,640.0,1.0,35.0,98.0,50.0,10.0,8.0,340.0,106.0,429.0
Sanyo VPC-X350,Sanyo,1999,1024.0,640.0,0.0,38.0,38.0,60.0,10.0,4.0,260.0,105.0,149.0
Sanyo VPC-Z400,Sanyo,1999,1280.0,640.0,1.0,34.0,102.0,80.0,20.0,4.0,350.0,128.0,149.0
Sigma DP1,Sigma,2006,2640.0,1776.0,4.0,28.0,28.0,0.0,0.0,0.0,270.0,109.0,1599.0
Sigma SD10,Sigma,2003,2268.0,1134.0,3.0,0.0,0.0,0.0,0.0,0.0,950.0,152.0,1599.0
Sigma SD14,Sigma,2006,2640.0,1776.0,4.0,0.0,0.0,0.0,0.0,0.0,750.0,144.0,19.0
Sigma SD9,Sigma,2002,2268.0,1134.0,3.0,0.0,0.0,0.0,0.0,0.0,950.0,152.0,19.0
Sony Mavica FD-91,Sony,1998,1024.0,640.0,0.0,37.0,518.0,80.0,3.0,1.0,950.0,140.0,1399.0
Sony Mavica CD1000,Sony,2000,1600.0,1600.0,1.0,37.0,370.0,80.0,3.0,8.0,980.0,125.0,1399.0
Sony Mavica CD200,Sony,2001,1600.0,1024.0,1.0,39.0,117.0,50.0,3.0,8.0,620.0,144.0,1399.0
Sony Mavica CD250,Sony,2002,1600.0,1280.0,1.0,41.0,123.0,50.0,3.0,6.0,610.0,138.0,1399.0
Sony Mavica CD300,Sony,2001,2048.0,1600.0,3.0,34.0,102.0,50.0,4.0,8.0,620.0,144.0,1399.0
Sony Mavica CD350,Sony,2003,2048.0,1632.0,3.0,41.0,123.0,50.0,10.0,1.0,522.0,132.0,1399.0
Sony Mavica CD400,Sony,2002,2272.0,1600.0,3.0,34.0,102.0,50.0,4.0,6.0,640.0,138.0,1399.0
Sony Mavica CD500,Sony,2003,2592.0,2048.0,5.0,34.0,102.0,50.0,4.0,1.0,606.0,139.0,1399.0
Sony DSC-D700,Sony,1998,1344.0,640.0,1.0,28.0,140.0,20.0,0.0,8.0,900.0,130.0,149.0
Sony DSC-D770,Sony,1999,1344.0,640.0,1.0,28.0,140.0,20.0,0.0,8.0,900.0,130.0,149.0
Sony DSC-F505,Sony,1999,1600.0,1024.0,1.0,38.0,190.0,80.0,8.0,4.0,475.0,107.0,149.0
Sony DSC-F505V,Sony,2000,1856.0,1600.0,2.0,38.0,190.0,50.0,2.0,8.0,482.0,107.0,149.0
Sony DSC-F55,Sony,1999,1600.0,640.0,1.0,37.0,37.0,50.0,10.0,4.0,300.0,103.0,429.0
Sony DSC-F55V,Sony,2000,1856.0,1600.0,2.0,37.0,37.0,25.0,10.0,8.0,280.0,103.0,429.0
Sony DSC-F707,Sony,2001,2560.0,2048.0,4.0,38.0,190.0,50.0,2.0,16.0,667.0,162.0,149.0
Sony DSC-F717,Sony,2002,2560.0,2048.0,4.0,38.0,190.0,50.0,2.0,32.0,659.0,162.0,149.0
Sony DSC-F828,Sony,2003,3264.0,2592.0,8.0,28.0,200.0,50.0,2.0,0.0,906.0,134.0,429.0
Sony DSC-F88,Sony,2004,2592.0,2048.0,5.0,38.0,114.0,50.0,8.0,32.0,202.0,98.0,429.0
Sony DSC-G1,Sony,2007,2816.0,2048.0,6.0,38.0,114.0,50.0,8.0,2.0,238.0,93.0,429.0
Sony DSC-H1,Sony,2005,2592.0,2048.0,5.0,36.0,432.0,50.0,2.0,32.0,591.0,108.0,429.0
Sony DSC-H2,Sony,2006,2816.0,2048.0,6.0,36.0,432.0,50.0,2.0,32.0,490.0,108.0,429.0
Sony DSC-H3,Sony,2007,3264.0,3264.0,8.0,38.0,380.0,50.0,2.0,31.0,264.0,106.0,429.0
Sony DSC-H5,Sony,2006,3072.0,2592.0,7.0,36.0,432.0,50.0,2.0,32.0,490.0,108.0,429.0
Sony DSC-H7,Sony,2007,3264.0,2592.0,8.0,31.0,465.0,50.0,2.0,31.0,405.0,110.0,429.0
Sony DSC-H9,Sony,2007,3264.0,2592.0,8.0,31.0,465.0,50.0,2.0,31.0,440.0,110.0,429.0
Sony DSC-L1,Sony,2004,2304.0,1280.0,4.0,32.0,96.0,12.0,12.0,16.0,152.0,95.0,429.0
Sony DSC-M1,Sony,2004,2592.0,2048.0,5.0,38.0,114.0,50.0,8.0,32.0,215.0,51.0,429.0
Sony DSC-M2,Sony,2005,2592.0,2048.0,5.0,38.0,114.0,50.0,1.0,32.0,240.0,51.0,399.0
Sony DSC-N1,Sony,2005,3264.0,2592.0,8.0,38.0,114.0,50.0,6.0,32.0,139.0,94.0,429.0
Sony DSC-N2,Sony,2006,3264.0,2592.0,10.0,38.0,114.0,50.0,6.0,32.0,139.0,94.0,399.0
Sony DSC-P1,Sony,2000,2048.0,1600.0,3.0,39.0,117.0,50.0,10.0,8.0,250.0,114.0,429.0
Sony DSC-P10,Sony,2003,2592.0,2048.0,5.0,38.0,114.0,50.0,10.0,32.0,206.0,105.0,149.0
Sony DSC-P100,Sony,2004,2592.0,2048.0,5.0,38.0,114.0,50.0,10.0,32.0,180.0,108.0,149.0
Sony DSC-P150,Sony,2004,3072.0,2592.0,7.0,38.0,114.0,50.0,6.0,32.0,180.0,108.0,149.0
Sony DSC-P2,Sony,2002,1600.0,1280.0,1.0,39.0,117.0,50.0,10.0,16.0,214.0,114.0,399.0
Sony DSC-P20,Sony,2001,1216.0,1024.0,1.0,42.0,42.0,60.0,3.0,4.0,230.0,123.0,399.0
Sony DSC-P200,Sony,2005,3072.0,2592.0,7.0,38.0,114.0,50.0,6.0,32.0,180.0,104.0,399.0
Sony DSC-P3,Sony,2001,1920.0,1600.0,2.0,36.0,36.0,25.0,10.0,8.0,194.0,113.0,429.0
Sony DSC-P30,Sony,2001,1280.0,1024.0,1.0,41.0,123.0,50.0,3.0,4.0,250.0,143.0,149.0
Sony DSC-P31,Sony,2002,1600.0,1280.0,1.0,33.0,33.0,10.0,10.0,8.0,231.0,106.0,429.0
Sony DSC-P32,Sony,2003,2048.0,1632.0,3.0,33.0,33.0,10.0,10.0,16.0,217.0,101.0,429.0
Sony DSC-P41,Sony,2004,2272.0,1600.0,3.0,33.0,33.0,10.0,10.0,16.0,180.0,106.0,429.0
Sony DSC-P5,Sony,2001,2048.0,1600.0,3.0,39.0,117.0,50.0,10.0,8.0,214.0,113.0,429.0
Sony DSC-P50,Sony,2001,1600.0,1024.0,1.0,41.0,123.0,50.0,3.0,4.0,250.0,143.0,149.0
Sony DSC-P51,Sony,2002,1600.0,1280.0,1.0,41.0,82.0,8.0,8.0,16.0,275.0,127.0,429.0
Sony DSC-P52,Sony,2003,2048.0,1632.0,3.0,41.0,82.0,8.0,8.0,16.0,280.0,123.0,429.0
Sony DSC-P7,Sony,2002,2048.0,1600.0,3.0,39.0,117.0,50.0,10.0,16.0,214.0,114.0,149.0
Sony DSC-P71,Sony,2002,2048.0,1600.0,3.0,39.0,117.0,50.0,10.0,16.0,284.0,125.0,149.0
Sony DSC-P72,Sony,2003,2048.0,1632.0,3.0,39.0,117.0,50.0,10.0,16.0,259.0,120.0,149.0
Sony DSC-P73,Sony,2004,2272.0,1600.0,3.0,39.0,117.0,50.0,10.0,16.0,243.0,116.0,149.0
Sony DSC-P8,Sony,2003,2048.0,1632.0,3.0,39.0,117.0,50.0,10.0,16.0,206.0,105.0,429.0
Sony DSC-P9,Sony,2002,2272.0,1600.0,3.0,39.0,117.0,50.0,10.0,16.0,206.0,113.0,429.0
Sony DSC-P92,Sony,2003,2592.0,2048.0,5.0,38.0,114.0,50.0,10.0,16.0,259.0,120.0,429.0
Sony DSC-P93,Sony,2004,2592.0,2048.0,5.0,38.0,114.0,50.0,10.0,32.0,236.0,117.0,429.0
Sony DSC-R1,Sony,2005,3888.0,3264.0,10.0,24.0,120.0,0.0,0.0,0.0,995.0,139.0,429.0
Sony DSC-S30,Sony,2000,1280.0,640.0,1.0,39.0,117.0,25.0,3.0,4.0,370.0,113.0,149.0
Sony DSC-S40,Sony,2005,2304.0,2048.0,4.0,32.0,96.0,0.0,0.0,32.0,184.0,99.0,149.0
Sony DSC-S50,Sony,2000,1600.0,1280.0,1.0,39.0,117.0,25.0,3.0,4.0,370.0,113.0,149.0
Sony DSC-S60,Sony,2005,2304.0,2048.0,4.0,39.0,117.0,50.0,10.0,32.0,249.0,97.0,149.0
Sony DSC-S600,Sony,2006,2816.0,2048.0,6.0,31.0,93.0,12.0,0.0,32.0,180.0,100.0,149.0
Sony DSC-S650,Sony,2007,3072.0,2592.0,7.0,35.0,105.0,35.0,5.0,24.0,178.0,91.0,149.0
Sony DSC-S70,Sony,2000,2048.0,1600.0,3.0,34.0,102.0,25.0,4.0,8.0,420.0,117.0,149.0
Sony DSC-S700,Sony,2007,3072.0,2592.0,7.0,35.0,105.0,35.0,5.0,24.0,178.0,91.0,149.0
Sony DSC-S75,Sony,2001,2048.0,1600.0,3.0,34.0,102.0,50.0,4.0,8.0,444.0,125.0,149.0
Sony DSC-S800,Sony,2007,3264.0,2592.0,8.0,37.0,222.0,50.0,2.0,54.0,245.0,93.0,149.0
Sony DSC-S85,Sony,2001,2272.0,1600.0,3.0,34.0,102.0,50.0,4.0,16.0,444.0,125.0,149.0
Sony DSC-S90,Sony,2005,2304.0,2048.0,4.0,39.0,117.0,50.0,10.0,32.0,253.0,97.0,149.0
Sony DSC-T1,Sony,2003,2592.0,2048.0,5.0,38.0,114.0,25.0,1.0,32.0,180.0,91.0,399.0
Sony DSC-T10,Sony,2006,3072.0,2592.0,7.0,38.0,114.0,50.0,1.0,56.0,168.0,90.0,399.0
Sony DSC-T100,Sony,2007,3264.0,2592.0,8.0,35.0,175.0,50.0,1.0,31.0,197.0,92.0,399.0
Sony DSC-T11,Sony,2004,2592.0,2048.0,5.0,38.0,114.0,50.0,8.0,32.0,186.0,103.0,399.0
Sony DSC-T20,Sony,2007,3264.0,2592.0,8.0,38.0,114.0,50.0,1.0,31.0,197.0,90.0,399.0
Sony DSC-T200,Sony,2007,3264.0,3264.0,8.0,35.0,175.0,50.0,1.0,31.0,160.0,94.0,399.0
Sony DSC-T3,Sony,2004,2592.0,2048.0,5.0,38.0,114.0,50.0,8.0,32.0,186.0,90.0,399.0
Sony DSC-T30,Sony,2006,3072.0,2592.0,7.0,38.0,114.0,50.0,1.0,58.0,172.0,95.0,399.0
Sony DSC-T33,Sony,2005,2592.0,2048.0,5.0,38.0,114.0,50.0,8.0,32.0,150.0,99.0,399.0
Sony DSC-T5,Sony,2005,2592.0,2048.0,5.0,38.0,114.0,50.0,8.0,32.0,139.0,94.0,399.0
Sony DSC-T50,Sony,2006,3072.0,2592.0,7.0,38.0,114.0,50.0,1.0,58.0,170.0,95.0,399.0
Sony DSC-T7,Sony,2005,2592.0,2048.0,5.0,38.0,114.0,50.0,8.0,32.0,134.0,92.0,149.0
Sony DSC-T9,Sony,2005,2816.0,2048.0,6.0,38.0,114.0,50.0,1.0,32.0,185.0,90.0,429.0
Sony DSC-U10,Sony,2002,1280.0,640.0,1.0,33.0,33.0,10.0,10.0,8.0,118.0,85.0,149.0
Sony DSC-U20,Sony,2002,1632.0,640.0,2.0,33.0,33.0,10.0,10.0,8.0,118.0,85.0,399.0
Sony DSC-U30,Sony,2003,1632.0,640.0,2.0,33.0,33.0,10.0,10.0,8.0,130.0,85.0,149.0
Sony DSC-U40,Sony,2003,1632.0,640.0,2.0,33.0,33.0,10.0,10.0,8.0,130.0,83.0,149.0
Sony DSC-U50,Sony,2003,1632.0,640.0,2.0,33.0,33.0,10.0,10.0,8.0,132.0,100.0,149.0
Sony DSC-U60,Sony,2003,1632.0,640.0,2.0,33.0,33.0,10.0,10.0,8.0,200.0,60.0,149.0
Sony DSC-V1,Sony,2003,2592.0,2048.0,5.0,34.0,136.0,40.0,10.0,32.0,298.0,99.0,429.0
Sony DSC-V3,Sony,2004,3072.0,2592.0,7.0,34.0,136.0,40.0,10.0,0.0,390.0,120.0,429.0
Sony DSC-W1,Sony,2004,2592.0,2048.0,5.0,38.0,114.0,50.0,6.0,32.0,250.0,91.0,429.0
Sony DSC-W100,Sony,2006,3264.0,2592.0,8.0,38.0,114.0,50.0,6.0,64.0,192.0,94.0,149.0
Sony DSC-W200,Sony,2007,4000.0,3264.0,12.0,35.0,105.0,34.0,5.0,31.0,195.0,91.0,399.0
Sony DSC-W30,Sony,2006,2816.0,2048.0,6.0,38.0,114.0,50.0,2.0,32.0,153.0,90.0,149.0
Sony DSC-W35,Sony,2007,3072.0,2592.0,7.0,38.0,114.0,30.0,2.0,56.0,149.0,90.0,429.0
Sony DSC-W5,Sony,2005,2592.0,2048.0,5.0,38.0,114.0,50.0,6.0,32.0,250.0,91.0,429.0
Sony DSC-W50,Sony,2006,2816.0,2048.0,6.0,38.0,114.0,50.0,2.0,32.0,157.0,89.0,149.0
Sony DSC-W55,Sony,2007,3072.0,2592.0,7.0,38.0,114.0,30.0,2.0,56.0,147.0,90.0,429.0
Sony DSC-W7,Sony,2005,3072.0,2592.0,7.0,38.0,114.0,50.0,6.0,32.0,250.0,91.0,149.0
Sony DSC-W70,Sony,2006,3072.0,2592.0,7.0,38.0,114.0,50.0,2.0,58.0,157.0,89.0,149.0
Sony DSC-W80,Sony,2007,3072.0,2592.0,7.0,35.0,105.0,50.0,4.0,31.0,175.0,91.0,149.0
Sony DSC-W90,Sony,2007,3254.0,2592.0,8.0,35.0,105.0,50.0,4.0,31.0,175.0,91.0,429.0
Sony DSLR-A100,Sony,2006,3872.0,3896.0,10.0,0.0,0.0,0.0,0.0,0.0,638.0,133.0,599.0
Sony DSLR-A700,Sony,2007,4272.0,3104.0,12.0,0.0,0.0,0.0,0.0,0.0,768.0,142.0,599.0
Sony Mavica FD-100,Sony,2002,1280.0,1024.0,1.0,37.0,111.0,0.0,0.0,1.0,0.0,0.0,1399.0
Sony Mavica FD-200,Sony,2002,1600.0,1024.0,1.0,37.0,111.0,19.0,3.0,1.0,520.0,142.0,1399.0
Sony Mavica FD-71,Sony,1998,640.0,320.0,0.0,40.0,400.0,1.0,1.0,1.0,500.0,138.0,1399.0
Sony Mavica FD-73,Sony,1999,640.0,320.0,0.0,40.0,400.0,1.0,1.0,1.0,500.0,138.0,1399.0
Sony Mavica FD-75,Sony,2001,640.0,320.0,0.0,40.0,400.0,1.0,1.0,1.0,580.0,138.0,1399.0
Sony Mavica FD-81,Sony,1998,1024.0,640.0,0.0,37.0,111.0,1.0,1.0,1.0,580.0,140.0,1399.0
Sony Mavica FD-83,Sony,1999,1024.0,640.0,0.0,37.0,111.0,1.0,1.0,1.0,580.0,142.0,1399.0
Sony Mavica FD-85,Sony,2000,1280.0,1280.0,1.0,37.0,111.0,1.0,1.0,1.0,0.0,0.0,1399.0
Sony Mavica FD-87,Sony,2001,1280.0,1024.0,1.0,39.0,117.0,25.0,3.0,1.0,630.0,143.0,1399.0
Sony Mavica FD-88,Sony,1999,1280.0,1024.0,1.0,34.0,270.0,4.0,4.0,1.0,600.0,142.0,1399.0
Sony Mavica FD-90,Sony,2000,1280.0,1280.0,1.0,34.0,270.0,4.0,4.0,1.0,0.0,0.0,1399.0
Sony Mavica FD-92,Sony,2001,1472.0,1280.0,1.0,41.0,328.0,25.0,3.0,1.0,660.0,126.0,1399.0
Sony Mavica FD-95,Sony,2000,1600.0,1600.0,1.0,37.0,370.0,80.0,3.0,1.0,900.0,0.0,1399.0
Sony Mavica FD-97,Sony,2001,1600.0,1024.0,1.0,39.0,390.0,25.0,2.0,1.0,990.0,126.0,1399.0
Toshiba PDR-3310,Toshiba,2002,2048.0,1024.0,3.0,35.0,105.0,55.0,12.0,8.0,205.0,91.0,177.0
Toshiba PDR-3330,Toshiba,2002,2048.0,1024.0,3.0,35.0,100.0,80.0,10.0,8.0,320.0,116.0,177.0
Toshiba PDR-4300,Toshiba,2003,2400.0,1200.0,3.0,35.0,100.0,80.0,10.0,16.0,0.0,0.0,599.0
Toshiba PDR-5300,Toshiba,2003,2560.0,2048.0,4.0,35.0,105.0,80.0,10.0,16.0,230.0,93.0,177.0
Toshiba PDR-M1,Toshiba,1998,1280.0,640.0,1.0,35.0,35.0,50.0,9.0,4.0,290.0,123.0,62.0
Toshiba PDR-M11,Toshiba,2001,1280.0,640.0,1.0,52.0,52.0,90.0,0.0,8.0,240.0,116.0,62.0
Toshiba PDR-M21,Toshiba,2001,1600.0,800.0,1.0,39.0,39.0,50.0,0.0,8.0,240.0,116.0,177.0
Toshiba PDR-M25,Toshiba,2001,1729.0,896.0,2.0,38.0,114.0,40.0,8.0,8.0,320.0,105.0,177.0
Toshiba PDR-M3,Toshiba,1999,1280.0,640.0,1.0,38.0,115.0,90.0,25.0,4.0,380.0,122.0,62.0
Toshiba PDR-M4,Toshiba,1999,1600.0,800.0,1.0,40.0,40.0,50.0,10.0,8.0,290.0,112.0,62.0
Toshiba PDR-M5,Toshiba,1999,1600.0,800.0,1.0,40.0,120.0,90.0,25.0,8.0,350.0,130.0,62.0
Toshiba PDR-M60,Toshiba,2000,1792.0,896.0,2.0,38.0,86.0,50.0,5.0,4.0,320.0,121.0,449.0
Toshiba PDR-M61,Toshiba,2001,1792.0,896.0,2.0,38.0,114.0,50.0,5.0,8.0,310.0,123.0,62.0
Toshiba PDR-M65,Toshiba,2001,2048.0,1024.0,3.0,38.0,114.0,10.0,10.0,8.0,320.0,120.0,62.0
Toshiba PDR-M70,Toshiba,2000,2048.0,1024.0,3.0,35.0,105.0,80.0,9.0,16.0,390.0,116.0,62.0
Toshiba PDR-M71,Toshiba,2001,2048.0,1024.0,3.0,35.0,98.0,80.0,10.0,8.0,340.0,107.0,62.0
Toshiba PDR-M81,Toshiba,2001,2400.0,1200.0,3.0,35.0,98.0,80.0,10.0,16.0,340.0,107.0,62.0
Toshiba PDR-T10,Toshiba,2002,1600.0,800.0,1.0,38.0,38.0,40.0,20.0,8.0,180.0,86.0,129.0
